adm3_psgc,municipality_city,province_psgc,region_psgc,population_2010,population_2015,population_2020,population_2024,total_osm_records,businesses_accommodation,businesses_automotive,businesses_education,businesses_financial_services,businesses_food,businesses_healthcare,businesses_other,businesses_personal_services,businesses_professional_services,businesses_public_services,businesses_retail,businesses_skilled_trades,businesses_technology,businesses_tourism,businesses_per_1000_people,businesses_accommodation_per_1000_people,businesses_automotive_per_1000_people,businesses_education_per_1000_people,businesses_financial_services_per_1000_people,businesses_food_per_1000_people,businesses_healthcare_per_1000_people,businesses_other_per_1000_people,businesses_personal_services_per_1000_people,businesses_professional_services_per_1000_people,businesses_public_services_per_1000_people,businesses_retail_per_1000_people,businesses_skilled_trades_per_1000_people,businesses_technology_per_1000_people,businesses_tourism_per_1000_people
1004210000,City of Ozamiz,1004200000.0,1000000000.0,131527.0,141828.0,140334.0,143620.0,1,0,0,0,0,0,0,1,0,0,0,0,0,0,0,0.006962818548948615,0.0,0.0,0.0,0.0,0.0,0.0,0.006962818548948615,0.0,0.0,0.0,0.0,0.0,0.0,0.0
1030500000,City of Cagayan De Oro,1030500000.0,1000000000.0,,,,,1,0,0,0,0,0,0,1,0,0,0,0,0,0,0,,,,,,,,,,,,,,,
1030900000,City of Iligan,1030900000.0,1000000000.0,,,,,1,0,0,0,0,0,0,1,0,0,0,0,0,0,0,,,,,,,,,,,,,,,
1380100000,City of Caloocan,1380100000.0,1300000000.0,1489040.0,1583978.0,1661584.0,1712945.0,3190,25,115,188,212,487,240,646,56,165,137,839,14,60,6,1.862289799147083,0.014594747642218518,0.06713583915420519,0.10975250226948326,0.12376346000601303,0.28430568407041673,0.14010957736529778,0.3771282790749265,0.03269223471856948,0.09632533443864222,0.07997921707935747,0.4897997308728535,0.00817305867964237,0.035027394341324444,0.0035027394341324443
1380200000,City of Las Piñas,1380200000.0,1300000000.0,552573.0,588894.0,606293.0,615549.0,2663,25,114,127,197,581,189,486,100,54,70,653,13,47,7,4.32621935865382,0.04061415094492884,0.18520052830887548,0.2063198868002385,0.3200395094460392,0.9438728679601461,0.307042981143662,0.7895390943694166,0.16245660377971535,0.08772656604104628,0.11371962264580074,1.0608416226815411,0.021119358491362993,0.0763546037764662,0.011371962264580074
1380300000,City of Makati,1380300000.0,1300000000.0,263683.0,280150.0,292743.0,309770.0,7003,181,166,125,799,1951,267,1278,213,347,177,1347,19,99,34,22.607095587048455,0.5843044839719792,0.5358814604383898,0.40352519611324533,2.5793330535558643,6.298221260935533,0.861929818897892,4.12564160506182,0.68760693417697,1.120185944410369,0.5713916776963553,4.348387513316331,0.06133582980921328,0.31959195532169027,0.10975885334280272
1380400000,City of Malabon,1380400000.0,1300000000.0,353337.0,365525.0,380522.0,389929.0,902,8,38,63,75,148,77,164,20,29,67,184,2,22,5,2.313241641427029,0.020516555578066777,0.09745363899581719,0.16156787517727586,0.19234270854437602,0.3795562781942354,0.19747184743889273,0.42058938935036894,0.05129138894516694,0.07437251397049206,0.17182615296630924,0.4718807782955359,0.005129138894516694,0.05642052783968363,0.012822847236291735
1380500000,City of Mandaluyong,1380500000.0,1300000000.0,328699.0,386276.0,425758.0,465902.0,2810,16,68,68,263,630,155,588,140,106,107,593,12,58,6,6.031311305811093,0.03434198608291014,0.14595344085236808,0.14595344085236808,0.5644963962378354,1.3522157020145869,0.33268799017819195,1.2620679885469477,0.3004923782254637,0.22751565779927965,0.22966203192946158,1.2727998591978569,0.025756489562182603,0.12448969955054925,0.012878244781091302
1380600000,City of Manila,1380600000.0,1300000000.0,1652171.0,1780148.0,1846513.0,1902590.0,9768,269,178,315,851,2002,590,2045,374,313,514,1975,25,221,96,5.134054105193447,0.14138621563237483,0.09355667800209189,0.16556378410482553,0.44728501674033816,1.0522498278662245,0.3101035956249113,1.0748505983948196,0.19657414366731665,0.16451258547558853,0.2701580477139058,1.0380586463715251,0.013139982865462344,0.11615744853068712,0.0504575342033754
1380700000,City of Marikina,1380700000.0,1300000000.0,424150.0,450741.0,456059.0,471323.0,3115,11,96,103,208,702,190,711,151,51,70,728,15,67,12,6.609055785522879,0.02333855975626057,0.2036819760546377,0.21853378680862168,0.4413109481183816,1.489424449899538,0.4031205776081371,1.5085196351546604,0.3203747748359405,0.10820604977902627,0.14851810753984,1.5445883184143359,0.03182530875853714,0.14215304578813254,0.025460247006829712
1380800000,City of Muntinlupa,1380800000.0,1300000000.0,459941.0,504509.0,543445.0,552225.0,2171,27,57,101,162,468,135,541,62,34,63,444,6,62,9,3.9313685544841324,0.04889311421974738,0.10321879668613336,0.18289646430349948,0.2933586853184843,0.8474806464756214,0.2444655710987369,0.9796731404771606,0.1122730770971977,0.06156910679523746,0.11408393317941055,0.8040201005025126,0.010865136493277196,0.1122730770971977,0.016297704739915795
1380900000,City of Navotas,1380900000.0,1300000000.0,249131.0,249463.0,247543.0,252878.0,343,0,8,34,41,29,22,103,3,12,40,47,1,3,0,1.356385292512595,0.0,0.03163580857172233,0.13445218642981993,0.16213351893007696,0.11467980607249345,0.0869984735722364,0.407311035360925,0.011863428214395875,0.0474537128575835,0.15817904285861167,0.1858603753588687,0.003954476071465291,0.011863428214395875,0.0
1381000000,City of Parañaque,1381000000.0,1300000000.0,588126.0,665822.0,689992.0,703245.0,3528,56,129,125,287,969,182,629,120,102,90,747,9,76,7,5.016743809056588,0.07963085411200933,0.18343536036516436,0.17774744221430652,0.40810812732404783,1.3778981720453043,0.2588002758640303,0.8944251292223905,0.17063754452573426,0.14504191284687412,0.1279781583943007,1.0622187146726958,0.01279781583943007,0.10807044486629837,0.009953856764001167
1381100000,Pasay City,1381100000.0,1300000000.0,392869.0,416522.0,440656.0,453186.0,3391,89,54,59,242,895,120,704,108,66,119,847,10,42,36,7.482578896965043,0.19638735530223791,0.11915637288000953,0.1301893703688993,0.533997078462265,1.9749065505112693,0.2647919397333545,1.5534460464356796,0.23831274576001907,0.145635566853345,0.26258534023557656,1.8689897746179271,0.022065994977779543,0.09267717890667408,0.07943758192000636
1381200000,City of Pasig,1381200000.0,1300000000.0,669773.0,755300.0,803159.0,853050.0,4342,48,166,135,404,876,262,1056,95,101,176,892,9,110,12,5.089971279526405,0.05626868296113944,0.1945958619072739,0.15825567082820466,0.47359474825625697,1.0269034640407948,0.30713322782955277,1.2379110251450676,0.11136510169392182,0.11839868706406424,0.2063185041908446,1.0456596916945078,0.010550378055213645,0.1289490651192779,0.01406717074028486
1381300000,Quezon City,1381300000.0,1300000000.0,2761720.0,2936116.0,2960048.0,3084270.0,17788,180,702,551,1247,3974,938,4166,723,490,535,3757,106,340,79,5.767329060036897,0.058360649359491874,0.2276065325020183,0.17864843220600013,0.4043096097293687,1.2884734475256707,0.30412382832890766,1.350724806842462,0.23441527492729236,0.15887065658972788,0.17346081892960086,1.2181164424645055,0.03436793795614521,0.11023678212348464,0.025613840552221434
1381400000,City of San Juan,1381400000.0,1300000000.0,121430.0,122180.0,126347.0,134312.0,1899,9,48,42,161,478,91,445,86,66,66,365,1,32,9,14.138721782119244,0.06700816010483054,0.35737685389242957,0.3127047471558759,1.1987015307641908,3.5588778366787777,0.6775269521710643,3.313181249627733,0.6403001965572696,0.4913931741020906,0.4913931741020906,2.717553159807016,0.007445351122758949,0.23825123592828637,0.06700816010483054
1381500000,City of Taguig,1381500000.0,1300000000.0,909829.0,1107367.0,1223595.0,1308085.0,2236,17,51,136,143,319,234,488,56,56,121,542,8,60,5,1.7093690394737344,0.012996097348413903,0.03898829204524171,0.10396877878731123,0.1093201129895993,0.24386794436141382,0.1788874576193443,0.37306444153094026,0.04281067361830462,0.04281067361830462,0.09250163406812248,0.41434616252001977,0.00611581051690066,0.045868578876754953,0.0038223815730629124
1381600000,City of Valenzuela,1381600000.0,1300000000.0,575356.0,620422.0,714978.0,725173.0,2353,19,108,128,172,332,192,410,52,96,118,638,20,59,9,3.2447429785720097,0.02620064453585558,0.14892997946696857,0.176509605294185,0.23718478211406105,0.4578217887317923,0.2647644079412775,0.5653823294579362,0.07170702715076264,0.13238220397063874,0.16271979238057677,0.8797900638882032,0.027579625827216403,0.08135989619028838,0.012410831622247381
1381701000,Pateros,1381700000.0,1300000000.0,64147.0,63840.0,65227.0,67319.0,224,4,6,16,25,24,21,47,6,4,19,48,1,3,0,3.3274409899136943,0.05941858910560169,0.08912788365840253,0.23767435642240675,0.37136618191001053,0.3565115346336101,0.3119475928044088,0.6981684219908199,0.08912788365840253,0.05941858910560169,0.282238298251608,0.7130230692672203,0.014854647276400422,0.044563941829201266,0.0
1600209000,Nasipit,1600200000.0,1600000000.0,40663.0,41957.0,44822.0,46382.0,1,0,0,0,0,0,0,1,0,0,0,0,0,0,0,0.021560087965158896,0.0,0.0,0.0,0.0,0.0,0.0,0.021560087965158896,0.0,0.0,0.0,0.0,0.0,0.0,0.0
1705103000,Looc,1705100000.0,1700000000.0,9758.0,10117.0,7802.0,9426.0,14,0,0,8,0,0,0,1,0,0,5,0,0,0,0,1.4852535539995755,0.0,0.0,0.8487163165711861,0.0,0.0,0.0,0.10608953957139826,0.0,0.0,0.5304476978569913,0.0,0.0,0.0,0.0
1705104000,Lubang,1705100000.0,1700000000.0,23068.0,18803.0,17437.0,18761.0,21,0,0,17,0,0,0,1,0,0,0,1,0,1,1,1.1193433185864292,0.0,0.0,0.9061350674271095,0.0,0.0,0.0,0.05330206278982997,0.0,0.0,0.0,0.05330206278982997,0.0,0.05330206278982997,0.05330206278982997
1705211000,Puerto Galera,1705200000.0,1700000000.0,32521.0,36606.0,41961.0,42301.0,4,0,0,0,0,0,0,4,0,0,0,0,0,0,0,0.09456041228339755,0.0,0.0,0.0,0.0,0.0,0.0,0.09456041228339755,0.0,0.0,0.0,0.0,0.0,0.0,0.0
1705309000,Coron,1705300000.0,1700000000.0,42941.0,51803.0,65855.0,69439.0,1,0,0,0,0,0,0,1,0,0,0,0,0,0,0,0.014401129048517404,0.0,0.0,0.0,0.0,0.0,0.0,0.014401129048517404,0.0,0.0,0.0,0.0,0.0,0.0,0.0
1705903000,Cajidiocan,1705900000.0,1700000000.0,21198.0,21861.0,23259.0,23488.0,1,0,0,0,0,0,0,1,0,0,0,0,0,0,0,0.04257493188010899,0.0,0.0,0.0,0.0,0.0,0.0,0.04257493188010899,0.0,0.0,0.0,0.0,0.0,0.0,0.0
1705909000,Odiongan,1705900000.0,1700000000.0,43676.0,45367.0,49284.0,48133.0,1,0,0,0,0,0,0,1,0,0,0,0,0,0,0,0.020775767145201834,0.0,0.0,0.0,0.0,0.0,0.0,0.020775767145201834,0.0,0.0,0.0,0.0,0.0,0.0,0.0
300801000,Abucay,300800000.0,300000000.0,37719.0,39880.0,42984.0,44846.0,102,5,12,18,3,9,0,23,0,0,4,23,0,4,1,2.274450341167551,0.11149266378272309,0.26758239307853543,0.4013735896178032,0.06689559826963386,0.2006867948089016,0.0,0.5128662534005262,0.0,0.0,0.08919413102617847,0.5128662534005262,0.0,0.08919413102617847,0.022298532756544618
300802000,Bagac,300800000.0,300000000.0,25568.0,26936.0,31365.0,32799.0,63,6,2,13,0,4,1,17,0,0,4,3,0,5,8,1.9207902679959756,0.1829324064758072,0.06097746882526906,0.39635354736424894,0.0,0.12195493765053812,0.03048873441263453,0.518308485014787,0.0,0.0,0.12195493765053812,0.0914662032379036,0.0,0.15244367206317266,0.24390987530107625
300803000,City of Balanga,300800000.0,300000000.0,87920.0,96061.0,104173.0,109931.0,565,13,24,37,49,87,37,78,12,8,45,155,1,17,2,5.139587559469121,0.1182559969435373,0.21831876358806887,0.3365747605316062,0.4457341423256406,0.7914055180067497,0.3365747605316062,0.7095359816612239,0.10915938179403444,0.07277292119602297,0.40934768172762914,1.409975348172945,0.00909661514950287,0.1546424575415488,0.01819323029900574
300804000,Dinalupihan,300800000.0,300000000.0,97275.0,106371.0,118209.0,124188.0,182,3,14,44,4,17,4,18,4,1,13,54,0,6,0,1.4655200180371695,0.024156923374239057,0.11273230907978227,0.35430154282217285,0.03220923116565207,0.13688923245402132,0.03220923116565207,0.14494154024543435,0.03220923116565207,0.008052307791413018,0.10468000128836925,0.434824620736303,0.0,0.04831384674847811,0.0
300805000,Hermosa,300800000.0,300000000.0,56997.0,65862.0,77443.0,80557.0,142,6,11,22,7,14,5,26,1,2,12,33,0,2,1,1.7627270131707984,0.07448142309172387,0.13654927566816044,0.2730985513363209,0.08689499360701118,0.17378998721402236,0.06206785257643656,0.32275283339747013,0.012413570515287312,0.024827141030574623,0.14896284618344774,0.4096478270044813,0.0,0.024827141030574623,0.012413570515287312
300806000,Limay,300800000.0,300000000.0,57207.0,68071.0,78272.0,81960.0,158,16,6,19,5,13,9,31,0,1,29,25,1,3,0,1.927769643728648,0.1952171791117618,0.07320644216691069,0.23182040019521719,0.061005368472425575,0.1586139580283065,0.10980966325036604,0.3782332845290386,0.0,0.012201073694485113,0.3538311371400683,0.30502684236212785,0.012201073694485113,0.036603221083455345,0.0
300807000,Mariveles,300800000.0,300000000.0,112707.0,127536.0,149879.0,156200.0,320,25,18,39,15,22,14,57,1,5,41,54,1,17,11,2.0486555697823303,0.16005121638924455,0.11523687580025609,0.2496798975672215,0.09603072983354674,0.14084507042253522,0.08962868117797695,0.3649167733674776,0.006402048655569782,0.03201024327784891,0.26248399487836105,0.34571062740076824,0.006402048655569782,0.1088348271446863,0.07042253521126761
300808000,Morong,300800000.0,300000000.0,26171.0,29901.0,35394.0,37024.0,111,29,4,11,5,7,5,28,1,0,6,5,0,2,8,2.998055315471046,0.783275713050994,0.10803802938634399,0.29710458081244595,0.13504753673293,0.189066551426102,0.13504753673293,0.756266205704408,0.027009507346585998,0.0,0.162057044079516,0.13504753673293,0.0,0.054019014693171996,0.21607605877268798
300809000,Orani,300800000.0,300000000.0,61099.0,66909.0,70342.0,72941.0,157,1,13,22,5,16,8,29,2,3,10,45,0,3,0,2.1524245623174894,0.013709710588009487,0.17822623764412335,0.3016136329362087,0.06854855294004744,0.21935536940815178,0.10967768470407589,0.39758160705227513,0.027419421176018973,0.04112913176402846,0.13709710588009488,0.616936976460427,0.0,0.04112913176402846,0.0
300810000,Orion,300800000.0,300000000.0,51454.0,56002.0,60771.0,63044.0,127,3,10,18,9,10,8,25,1,1,10,27,0,5,0,2.0144660871772095,0.04758581308292621,0.15861937694308736,0.28551487849755725,0.14275743924877862,0.15861937694308736,0.12689550155446988,0.3965484423577184,0.015861937694308735,0.015861937694308735,0.15861937694308736,0.4282723177463359,0.0,0.07930968847154368,0.0
300811000,Pilar,300800000.0,300000000.0,39787.0,41823.0,46239.0,47107.0,189,4,15,16,7,14,10,28,0,0,40,45,2,2,6,4.01214256904494,0.08491307024433736,0.3184240134162651,0.33965228097734945,0.14859787292759039,0.29719574585518077,0.21228267561084338,0.5943914917103615,0.0,0.0,0.8491307024433735,0.9552720402487952,0.04245653512216868,0.04245653512216868,0.12736960536650604
300812000,Samal,300800000.0,300000000.0,33578.0,35298.0,38302.0,40843.0,73,1,4,14,3,2,2,17,0,0,8,21,0,0,1,1.787331978552016,0.024483999706192004,0.09793599882476801,0.342775995886688,0.07345199911857601,0.04896799941238401,0.04896799941238401,0.4162279950052641,0.0,0.0,0.19587199764953603,0.5141639938300321,0.0,0.0,0.024483999706192004
301401000,Angat,301400000.0,300000000.0,55332.0,59237.0,65617.0,67862.0,110,1,13,22,1,9,1,22,2,0,6,24,0,1,8,1.620936606642893,0.01473578733311721,0.19156523533052372,0.3241873213285786,0.01473578733311721,0.1326220859980549,0.01473578733311721,0.3241873213285786,0.02947157466623442,0.0,0.08841472399870325,0.353658895994813,0.0,0.01473578733311721,0.11788629866493767
301402000,Balagtas,301400000.0,300000000.0,65440.0,73929.0,77018.0,80221.0,335,5,22,19,37,63,29,68,3,3,17,65,1,3,0,4.175963899727004,0.062327819398910515,0.2742424053552062,0.23684571371585994,0.46122586355193773,0.7853305244262725,0.361501352513681,0.8476583438251829,0.03739669163934631,0.03739669163934631,0.21191458595629573,0.8102616521858367,0.012465563879782102,0.03739669163934631,0.0
301403000,City of Baliwag,301400000.0,300000000.0,143565.0,149954.0,168470.0,174194.0,872,13,52,43,87,108,46,173,5,15,33,238,2,20,37,5.0059129476330995,0.0746294361459063,0.2985177445836252,0.2468512118672285,0.4994431495918344,0.6199983925967599,0.2640733894393607,0.9931455733262914,0.028703629286887033,0.08611088786066111,0.18944395329345443,1.3662927540558227,0.011481451714754813,0.11481451714754813,0.21240685672296405
301404000,Bocaue,301400000.0,300000000.0,106407.0,119675.0,141412.0,147755.0,344,2,30,28,34,29,24,59,6,10,21,89,3,8,1,2.3281784034381237,0.01353592095022165,0.20303881425332476,0.18950289330310313,0.23011065615376808,0.19627085377821393,0.16243105140265982,0.3993096680315387,0.040607762850664954,0.06767960475110825,0.14212716997732733,0.6023484822848635,0.020303881425332477,0.0541436838008866,0.006767960475110825
301405000,Bulacan,301400000.0,300000000.0,71751.0,76565.0,81232.0,83101.0,231,7,10,21,14,21,21,50,2,1,11,59,0,10,4,2.7797499428406396,0.08423484675274666,0.12033549536106665,0.25270454025823996,0.16846969350549332,0.25270454025823996,0.25270454025823996,0.6016774768053332,0.024067099072213334,0.012033549536106667,0.13236904489717333,0.7099794226302933,0.0,0.12033549536106665,0.04813419814442667
301406000,Bustos,301400000.0,300000000.0,62415.0,67039.0,77199.0,80565.0,137,4,15,20,4,9,4,22,3,0,7,43,0,4,2,1.7004902873456216,0.049649351455346616,0.1861850679575498,0.24824675727673307,0.049649351455346616,0.11171104077452988,0.049649351455346616,0.2730714330044064,0.03723701359150996,0.0,0.08688636504685658,0.5337305281449761,0.0,0.049649351455346616,0.024824675727673308
301407000,Calumpit,301400000.0,300000000.0,101068.0,108757.0,118471.0,122187.0,296,8,20,40,17,31,17,66,2,4,14,57,1,16,3,2.4225163069721,0.06547341370194865,0.16368353425487162,0.32736706850974323,0.1391310041166409,0.253709478095051,0.1391310041166409,0.5401556630410764,0.01636835342548716,0.03273670685097432,0.11457847397841013,0.46649807262638415,0.00818417671274358,0.1309468274038973,0.024552530138230742
301408000,Guiguinto,301400000.0,300000000.0,90507.0,99730.0,113415.0,118173.0,524,6,48,29,35,86,42,88,11,14,16,137,3,9,0,4.434177011669332,0.05077301921758778,0.4061841537407022,0.2454029262183409,0.2961759454359287,0.7277466087854247,0.3554111345231144,0.7446709485246207,0.09308386856557758,0.11847037817437146,0.13539471791356741,1.159317272134921,0.02538650960879389,0.07615952882638166,0.0
301409000,Hagonoy,301400000.0,300000000.0,125689.0,129807.0,133448.0,136673.0,286,2,12,41,25,35,12,58,8,1,21,59,0,12,0,2.0925859533338698,0.014633468205131958,0.08780080923079174,0.2999860982052051,0.18291835256414946,0.25608569358980926,0.08780080923079174,0.42437057794882677,0.058533872820527834,0.007316734102565979,0.15365141615388556,0.43168731205139277,0.0,0.08780080923079174,0.0
301410000,City of Malolos,301400000.0,300000000.0,234945.0,252074.0,261189.0,269809.0,1235,22,55,90,79,188,62,309,25,20,52,271,3,45,14,4.57731209855861,0.08153916288930317,0.20384790722325793,0.3335693027289675,0.292799721284316,0.6967892101449543,0.22979218632439985,1.145254606036122,0.09265813964693542,0.07412651171754835,0.1927289304656257,1.00441423377278,0.011118976757632251,0.16678465136448375,0.05188855820228384
301411000,Marilao,301400000.0,300000000.0,185624.0,221965.0,254453.0,263507.0,650,13,44,38,32,123,33,104,19,36,29,157,2,17,3,2.4667276391139517,0.04933455278227903,0.16697848634002133,0.14420869274820025,0.12143889915637915,0.46678076863233237,0.125233864755016,0.39467642225823224,0.07210434637410013,0.13661876155092653,0.11005400236046861,0.5958095989859852,0.007589931197273697,0.06451441517682642,0.011384896795910546
301412000,City of Meycauayan,301400000.0,300000000.0,199154.0,209083.0,225673.0,228023.0,1059,6,45,58,94,200,56,183,32,46,43,265,4,20,7,4.64426834135153,0.026313135078478926,0.19734851308859194,0.2543603057586296,0.4122391162295032,0.8771045026159642,0.24558926073246995,0.8025506198936072,0.14033672041855427,0.20173403560167177,0.18857746806243228,1.1621634659661526,0.017542090052319284,0.0877104502615964,0.030698657591558744
301413000,Norzagaray,301400000.0,300000000.0,103095.0,111348.0,136064.0,140697.0,135,1,11,34,8,19,7,14,0,2,7,20,1,2,9,0.9595087315294569,0.007107472085403385,0.07818219293943723,0.24165405090371508,0.05685977668322708,0.1350419696226643,0.04975230459782369,0.09950460919564738,0.0,0.01421494417080677,0.04975230459782369,0.14214944170806768,0.007107472085403385,0.01421494417080677,0.06396724876863046
301414000,Obando,301400000.0,300000000.0,58009.0,59197.0,59978.0,61073.0,113,0,2,14,9,7,8,22,0,1,21,25,0,4,0,1.8502447890229725,0.0,0.032747695380937566,0.22923386766656298,0.14736462921421903,0.11461693383328149,0.13099078152375027,0.3602246491903132,0.0,0.016373847690468783,0.3438508014998444,0.40934619226171953,0.0,0.06549539076187513,0.0
301415000,Pandi,301400000.0,300000000.0,66650.0,89075.0,155115.0,162725.0,298,21,13,29,10,12,10,34,1,4,18,136,2,4,4,1.8313104931633124,0.1290520817329851,0.07988938392994316,0.17821477953602705,0.06145337225380243,0.07374404670456292,0.06145337225380243,0.20894146566292826,0.006145337225380242,0.02458134890152097,0.11061607005684437,0.835765862651713,0.012290674450760484,0.02458134890152097,0.02458134890152097
301416000,Paombong,301400000.0,300000000.0,50940.0,53294.0,55696.0,58453.0,132,1,8,23,4,24,8,28,1,0,3,28,1,2,1,2.2582245564812755,0.017107761791524814,0.1368620943321985,0.39347852120507076,0.06843104716609925,0.41058628299659555,0.1368620943321985,0.4790173301626948,0.017107761791524814,0.0,0.051323285374574444,0.4790173301626948,0.017107761791524814,0.03421552358304963,0.017107761791524814
301417000,Plaridel,301400000.0,300000000.0,101441.0,107805.0,114432.0,120939.0,268,2,21,29,24,38,11,53,4,7,10,53,0,15,1,2.215993186647814,0.016537262586923986,0.17364125716270185,0.2397903075103978,0.19844715104308785,0.31420798915155573,0.09095494422808192,0.43823745855348567,0.03307452517384797,0.05788041905423395,0.08268631293461993,0.43823745855348567,0.0,0.1240294694019299,0.008268631293461993
301418000,Pulilan,301400000.0,300000000.0,85844.0,97323.0,108836.0,111384.0,205,11,23,27,8,29,7,38,1,1,4,45,0,5,6,1.8404797816562521,0.09875745169862817,0.20649285355167707,0.24240465416936005,0.07182360123536595,0.26036055447820156,0.0628456510809452,0.3411621058679882,0.008977950154420744,0.008977950154420744,0.035911800617682975,0.40400775694893337,0.0,0.04488975077210371,0.05386770092652445
301420000,City of San Jose Del Monte,301400000.0,300000000.0,454553.0,574089.0,651813.0,685688.0,1292,11,73,119,84,154,86,277,23,8,63,358,9,24,3,1.88423889582434,0.016042281620795462,0.1064624143925517,0.17354831935224185,0.12250469601334717,0.2245919426911365,0.12542147448985544,0.40397381899639484,0.03354295247984506,0.011667113906033064,0.09187852201001039,0.5221033472949796,0.013125503144287197,0.035001341718099196,0.0043751677147623996
301422000,San Rafael,301400000.0,300000000.0,85921.0,94655.0,103097.0,108256.0,113,10,9,24,4,4,1,32,1,0,10,15,0,2,1,1.043822051433639,0.09237363287023352,0.08313626958321016,0.22169671888856046,0.03694945314809341,0.03694945314809341,0.009237363287023353,0.2955956251847473,0.009237363287023353,0.0,0.09237363287023352,0.13856044930535028,0.0,0.018474726574046706,0.009237363287023353
301423000,Santa Maria,301400000.0,300000000.0,218351.0,256454.0,289820.0,322525.0,716,8,73,67,45,97,45,90,8,13,30,219,1,11,9,2.2199829470583676,0.02480427873808232,0.22633904348500114,0.20773583443143945,0.13952406790171304,0.3007518796992481,0.13952406790171304,0.2790481358034261,0.02480427873808232,0.040306952949383766,0.0930160452678087,0.6790171304550036,0.00310053484226029,0.034105883264863184,0.027904813580342608
301424000,Doña Remedios Trinidad,301400000.0,300000000.0,19878.0,22663.0,28656.0,30064.0,24,0,1,5,1,0,3,5,0,0,1,3,0,1,4,0.7982969664715274,0.0,0.03326237360298031,0.16631186801490153,0.03326237360298031,0.0,0.09978712080894092,0.16631186801490153,0.0,0.0,0.03326237360298031,0.09978712080894092,0.0,0.03326237360298031,0.13304949441192124
305402000,Apalit,305400000.0,300000000.0,101537.0,107965.0,117160.0,121057.0,322,3,19,33,28,52,27,43,2,2,14,87,3,7,2,2.6599040121595614,0.024781714399002123,0.15695085786034677,0.27259885838902337,0.23129600105735315,0.4295497162493701,0.2230354295910191,0.3552045730523638,0.01652114293266808,0.01652114293266808,0.11564800052867658,0.7186697175710616,0.024781714399002123,0.05782400026433829,0.01652114293266808
305404000,Bacolor,305400000.0,300000000.0,31508.0,39460.0,48066.0,59361.0,114,3,5,3,3,10,11,32,0,0,17,23,2,3,2,1.9204528225602668,0.0505382321726386,0.08423038695439766,0.0505382321726386,0.0505382321726386,0.16846077390879532,0.18530685129967486,0.5390744765081451,0.0,0.0,0.2863833156449521,0.3874597799902293,0.03369215478175907,0.0505382321726386,0.03369215478175907
305406000,Floridablanca,305400000.0,300000000.0,110846.0,125163.0,135542.0,146095.0,251,3,20,42,13,14,13,31,1,1,18,87,0,6,2,1.7180601663301276,0.020534583661316264,0.1368972244087751,0.28748417125842773,0.08898319586570382,0.09582805708614259,0.08898319586570382,0.21219069783360145,0.006844861220438756,0.006844861220438756,0.1232075019678976,0.5955029261781717,0.0,0.04106916732263253,0.013689722440877511
305407000,Guagua,305400000.0,300000000.0,111199.0,117430.0,128893.0,137948.0,770,7,46,53,28,69,113,197,6,1,58,152,5,32,3,5.581813436947256,0.05074375851770232,0.33345898454490097,0.3842027430626033,0.20297503407080927,0.5001884768173515,0.819149244642909,1.428074346855337,0.043494650158030564,0.007249108359671761,0.4204482848609621,1.1018644706701077,0.0362455417983588,0.23197146750949635,0.021747325079015282
305408000,Lubao,305400000.0,300000000.0,150843.0,160838.0,173502.0,190355.0,1068,5,40,74,31,46,107,275,6,7,62,341,0,66,8,5.610569724987523,0.026266712195634475,0.2101336975650758,0.38874734049539017,0.16285361561293374,0.24165375219983715,0.5621076409865777,1.444669170759896,0.03152005463476137,0.03677339707388826,0.3257072312258675,1.791389771742271,0.0,0.34672060098237506,0.04202673951301516
305410000,Macabebe,305400000.0,300000000.0,70777.0,75850.0,78151.0,82933.0,124,1,6,44,6,3,4,20,1,0,8,21,0,6,4,1.4951828584520033,0.012057926277838738,0.07234755766703244,0.5305487562249045,0.07234755766703244,0.03617377883351622,0.04823170511135495,0.24115852555677475,0.012057926277838738,0.0,0.0964634102227099,0.25321645183461344,0.0,0.07234755766703244,0.04823170511135495
305412000,Masantol,305400000.0,300000000.0,52407.0,57063.0,57990.0,57207.0,67,1,5,28,1,4,0,16,0,0,4,7,0,1,0,1.1711853444508538,0.017480378275385882,0.0874018913769294,0.4894505917108046,0.017480378275385882,0.06992151310154353,0.0,0.2796860524061741,0.0,0.0,0.06992151310154353,0.12236264792770114,0.0,0.017480378275385882,0.0
305414000,Minalin,305400000.0,300000000.0,44001.0,47713.0,48380.0,50126.0,174,6,6,19,3,3,22,50,0,0,21,11,0,30,3,3.4712524438415193,0.11969836013246618,0.11969836013246618,0.3790448070861429,0.05984918006623309,0.05984918006623309,0.438893987152376,0.9974863344372182,0.0,0.0,0.41894426046363165,0.219446993576188,0.0,0.598491800662331,0.05984918006623309
305417000,San Luis,305400000.0,300000000.0,49311.0,54106.0,58551.0,64674.0,7,0,0,2,0,0,0,4,0,0,0,1,0,0,0,0.10823514859139685,0.0,0.0,0.030924328168970533,0.0,0.0,0.0,0.061848656337941066,0.0,0.0,0.0,0.015462164084485266,0.0,0.0,0.0
305418000,San Simon,305400000.0,300000000.0,48353.0,53198.0,59182.0,65760.0,105,0,9,13,4,13,9,16,1,0,10,25,0,5,0,1.5967153284671534,0.0,0.13686131386861314,0.19768856447688565,0.06082725060827251,0.19768856447688565,0.13686131386861314,0.24330900243309003,0.015206812652068127,0.0,0.15206812652068127,0.38017031630170317,0.0,0.07603406326034064,0.0
305420000,Santa Rita,305400000.0,300000000.0,38762.0,40979.0,48209.0,42915.0,84,0,0,6,8,11,16,11,1,1,6,13,0,10,1,1.9573575672841665,0.0,0.0,0.1398112548060119,0.18641500640801587,0.25632063381102177,0.37283001281603173,0.25632063381102177,0.023301875801001983,0.023301875801001983,0.1398112548060119,0.30292438541302574,0.0,0.2330187580100198,0.023301875801001983
305421000,Sto. Tomas,305400000.0,300000000.0,38062.0,40475.0,42846.0,44376.0,50,0,2,4,0,3,6,11,0,0,9,3,2,10,0,1.1267351721651344,0.0,0.04506940688660537,0.09013881377321074,0.0,0.06760411032990807,0.13520822065981614,0.24788173787632958,0.0,0.0,0.20281233098972418,0.06760411032990807,0.04506940688660537,0.22534703443302687,0.0
305422000,Sasmuan,305400000.0,300000000.0,27254.0,28004.0,29076.0,32081.0,145,0,2,14,1,2,14,50,0,0,25,4,0,33,0,4.5198092328792745,0.0,0.0623421963155762,0.4363953742090334,0.0311710981577881,0.0623421963155762,0.4363953742090334,1.558554907889405,0.0,0.0,0.7792774539447025,0.1246843926311524,0.0,1.0286462392070073,0.0
307104000,Castillejos,307100000.0,300000000.0,48845.0,64841.0,67889.0,70105.0,108,3,6,24,0,1,0,14,2,1,7,47,0,1,2,1.5405463233720849,0.04279295342700235,0.0855859068540047,0.3423436274160188,0.0,0.014264317809000785,0.0,0.19970044932601097,0.02852863561800157,0.014264317809000785,0.09985022466300549,0.6704229370230369,0.0,0.014264317809000785,0.02852863561800157
307109000,San Antonio,307100000.0,300000000.0,34217.0,34661.0,37450.0,38617.0,171,15,5,20,1,18,12,28,2,1,30,20,0,14,5,4.428101613279126,0.3884299660771163,0.12947665535903877,0.5179066214361551,0.025895331071807755,0.4661159592925396,0.31074397286169303,0.7250692700106172,0.05179066214361551,0.025895331071807755,0.7768599321542325,0.5179066214361551,0.0,0.3625346350053086,0.12947665535903877
307111000,San Marcelino,307100000.0,300000000.0,31879.0,33665.0,37719.0,39542.0,98,0,8,22,3,7,4,11,2,3,6,17,0,10,5,2.478377421475899,0.0,0.2023165242021142,0.556370441555814,0.07586869657579283,0.17702695867684992,0.1011582621010571,0.278185220777907,0.05057913105052855,0.07586869657579283,0.15173739315158566,0.4299226139294927,0.0,0.2528956552526428,0.1264478276263214
307112000,San Narciso,307100000.0,300000000.0,26966.0,28360.0,30759.0,32180.0,16,0,1,6,3,0,0,6,0,0,0,0,0,0,0,0.49720323182100684,0.0,0.031075201988812928,0.1864512119328776,0.0932256059664388,0.0,0.0,0.1864512119328776,0.0,0.0,0.0,0.0,0.0,0.0,0.0
307114000,Subic,307100000.0,300000000.0,89724.0,104771.0,111912.0,116788.0,1228,14,42,45,24,142,39,246,51,8,58,539,4,10,6,10.514778915642017,0.11987532965715655,0.3596259889714697,0.3853135596122889,0.2055005651265541,1.2158783436654452,0.3339384183306504,2.1063807925471796,0.4366887008939274,0.06850018837551804,0.4966263657225058,4.615200191800527,0.03425009418775902,0.08562523546939754,0.051375141281638524
331400000,City of Olongapo,331400000.0,300000000.0,,,,,1044,95,31,67,38,192,29,205,9,24,48,251,0,30,25,,,,,,,,,,,,,,,
401001000,Agoncillo,401000000.0,400000000.0,35794.0,38059.0,39101.0,40662.0,57,1,3,18,4,3,2,7,1,0,7,10,0,1,0,1.401800206581083,0.024592986080369878,0.07377895824110964,0.4426737494466578,0.09837194432147951,0.07377895824110964,0.049185972160739756,0.17215090256258916,0.024592986080369878,0.0,0.17215090256258916,0.2459298608036988,0.0,0.024592986080369878,0.0
401002000,Alitagtag,401000000.0,400000000.0,23649.0,25300.0,26819.0,28033.0,67,2,1,13,0,1,4,5,0,0,11,22,0,5,3,2.3900403096350726,0.07134448685477829,0.035672243427389144,0.46373916455605896,0.0,0.035672243427389144,0.14268897370955658,0.17836121713694575,0.0,0.0,0.3923946777012806,0.7847893554025612,0.0,0.17836121713694575,0.10701673028216745
401003000,Balayan,401000000.0,400000000.0,81805.0,90699.0,95913.0,96939.0,201,1,8,34,14,22,4,17,1,1,11,53,0,29,6,2.0734688824931142,0.010315765584542858,0.08252612467634286,0.3507360298744571,0.1444207181836,0.22694684285994285,0.04126306233817143,0.17536801493722856,0.010315765584542858,0.010315765584542858,0.11347342142997142,0.5467355759807715,0.0,0.29915720195174283,0.06189459350725714
401004000,Balete,401000000.0,400000000.0,20214.0,22661.0,24055.0,24202.0,83,3,0,13,0,3,1,10,0,0,5,41,0,1,6,3.4294686389554583,0.12395669779357077,0.0,0.5371456904388068,0.0,0.12395669779357077,0.04131889926452359,0.4131889926452359,0.0,0.0,0.20659449632261795,1.6940748698454675,0.0,0.04131889926452359,0.24791339558714154
401005000,Batangas City,401000000.0,400000000.0,305607.0,329874.0,351437.0,358267.0,2849,46,71,129,133,380,227,479,135,99,165,904,8,63,10,7.952169750493346,0.1283958611873268,0.19817622052826525,0.36006665419924244,0.3712315116937926,1.0606614619822645,0.6336056628157213,1.3369916849723809,0.3768139404410677,0.27633022299011634,0.46055037165019386,2.5232577937683347,0.022329714989100306,0.17584650553916492,0.027912143736375385
401006000,Bauan,401000000.0,400000000.0,81351.0,91297.0,90819.0,94016.0,537,11,11,36,32,37,36,36,14,15,12,280,3,11,3,5.711793737236215,0.11700136147038802,0.11700136147038802,0.3829135466303608,0.3403675970047651,0.3935500340367597,0.3829135466303608,0.3829135466303608,0.14891082368958475,0.15954731109598366,0.12763784887678692,2.9782164737916954,0.03190946221919673,0.11700136147038802,0.03190946221919673
401007000,City of Calaca,401000000.0,400000000.0,70521.0,81859.0,87361.0,92281.0,263,4,9,42,6,15,8,19,4,1,12,137,1,5,0,2.8499907890031535,0.043345867513355944,0.09752820190505088,0.45513160889023746,0.06501880127003391,0.16254700317508478,0.08669173502671189,0.20589287068844075,0.043345867513355944,0.010836466878338986,0.13003760254006783,1.4845959623324412,0.010836466878338986,0.05418233439169493,0.0
401008000,Calatagan,401000000.0,400000000.0,51997.0,56449.0,58719.0,60420.0,138,51,4,27,1,5,0,25,0,0,3,13,0,5,4,2.284011916583913,0.8440913604766633,0.066203243958954,0.4468718967229394,0.0165508109897385,0.0827540549486925,0.0,0.41377027474346245,0.0,0.0,0.04965243296921549,0.21516054286660047,0.0,0.0827540549486925,0.066203243958954
401009000,Cuenca,401000000.0,400000000.0,31236.0,32783.0,36235.0,36453.0,102,3,4,25,1,14,4,18,0,0,4,13,0,10,6,2.7981236112254138,0.08229775327133569,0.10973033769511426,0.685814610594464,0.027432584423778564,0.3840561819328999,0.10973033769511426,0.4937865196280142,0.0,0.0,0.10973033769511426,0.3566235975091213,0.0,0.27432584423778567,0.16459550654267138
401010000,Ibaan,401000000.0,400000000.0,48482.0,52970.0,58507.0,58673.0,153,0,11,23,6,23,9,23,1,6,12,35,0,3,1,2.6076730352973256,0.0,0.18747976070765088,0.3920031360250882,0.10226168765871867,0.3920031360250882,0.153392531488078,0.3920031360250882,0.017043614609786446,0.10226168765871867,0.20452337531743733,0.5965265113425255,0.0,0.05113084382935933,0.017043614609786446
401011000,Laurel,401000000.0,400000000.0,35674.0,39444.0,43210.0,44791.0,163,10,5,22,1,47,4,33,0,1,11,13,1,7,8,3.639123931146882,0.22325913688017682,0.11162956844008841,0.49117010113638904,0.02232591368801768,1.0493179433368311,0.08930365475207072,0.7367551517045835,0.0,0.02232591368801768,0.24558505056819452,0.29023687794422987,0.02232591368801768,0.15628139581612377,0.17860730950414144
401012000,Lemery,401000000.0,400000000.0,81825.0,93157.0,93186.0,94736.0,578,4,20,42,45,77,18,74,14,8,22,235,3,14,2,6.101165343691944,0.0422225975342003,0.21111298767100153,0.4433372741091032,0.4750042222597534,0.8127850025333558,0.19000168890390137,0.7811180543827057,0.14777909136970108,0.0844451950684006,0.23222428643810167,2.480577605134268,0.03166694815065023,0.14777909136970108,0.02111129876710015
401013000,Lian,401000000.0,400000000.0,45943.0,52660.0,56280.0,56788.0,90,10,3,22,2,2,0,11,1,1,13,17,0,5,3,1.5848418680002816,0.17609354088892018,0.05282806226667606,0.3874057899556244,0.03521870817778404,0.03521870817778404,0.0,0.1937028949778122,0.01760935408889202,0.01760935408889202,0.22892160315559626,0.29935901951116434,0.0,0.08804677044446009,0.05282806226667606
401014000,City of Lipa,401000000.0,400000000.0,283468.0,332386.0,372931.0,387392.0,3982,27,75,140,112,358,114,2337,82,50,85,479,12,83,28,10.278993887328598,0.06969684453989758,0.19360234594415993,0.36139104576243186,0.2891128366099455,0.92412853130679,0.2942755658351231,6.0326490996200235,0.21167189823228152,0.12906823062943995,0.21941599207004792,1.2364736494300348,0.030976375351065587,0.2142532628448703,0.07227820915248638
401015000,Lobo,401000000.0,400000000.0,37070.0,41504.0,40736.0,41251.0,8,0,0,6,0,0,0,0,0,0,0,1,0,1,0,0.19393469249230322,0.0,0.0,0.1454510193692274,0.0,0.0,0.0,0.0,0.0,0.0,0.0,0.024241836561537902,0.0,0.024241836561537902,0.0
401016000,Mabini,401000000.0,400000000.0,44391.0,46211.0,50858.0,49876.0,268,63,4,21,4,15,0,16,1,2,5,131,0,6,0,5.3733258481032955,1.263132568770551,0.08019889325527307,0.42104418959018364,0.08019889325527307,0.300745849707274,0.0,0.3207955730210923,0.02004972331381827,0.04009944662763654,0.10024861656909134,2.626513754110193,0.0,0.12029833988290961,0.0
401017000,Malvar,401000000.0,400000000.0,45952.0,56270.0,64379.0,74565.0,111,3,11,25,4,4,1,22,0,3,17,13,1,6,1,1.4886340776503721,0.040233353450010056,0.14752229598337022,0.3352779454167505,0.05364447126668007,0.05364447126668007,0.013411117816670018,0.29504459196674043,0.0,0.040233353450010056,0.22798900288339033,0.17434453161671026,0.013411117816670018,0.08046670690002011,0.013411117816670018
401018000,Mataasnakahoy,401000000.0,400000000.0,27177.0,29187.0,30621.0,31912.0,71,5,0,18,2,20,1,15,1,1,2,3,0,0,3,2.224868388067185,0.1566808723990975,0.0,0.564051140636751,0.062672348959639,0.62672348959639,0.0313361744798195,0.47004261719729257,0.0313361744798195,0.0313361744798195,0.062672348959639,0.09400852343945851,0.0,0.0,0.09400852343945851
401019000,Nasugbu,401000000.0,400000000.0,122483.0,134113.0,136524.0,141063.0,649,15,20,59,11,52,13,136,3,3,39,252,0,25,21,4.600781211231861,0.1063354671317071,0.14178062284227613,0.4182528373847146,0.07797934256325187,0.36862961938991795,0.09215740484747949,0.9641082353274778,0.02126709342634142,0.02126709342634142,0.2764722145424385,1.7864358478126794,0.0,0.17722577855284516,0.14886965398438995
401020000,Padre Garcia,401000000.0,400000000.0,44877.0,48302.0,51853.0,53526.0,240,4,14,23,11,31,7,52,14,5,9,62,1,5,2,4.483802264320143,0.07473003773866906,0.2615551320853417,0.42969771699734705,0.2055076037813399,0.5791577924746852,0.13077756604267085,0.9714904906026978,0.2615551320853417,0.09341254717333633,0.1681425849120054,1.1583155849493705,0.018682509434667264,0.09341254717333633,0.03736501886933453
401021000,Rosario,401000000.0,400000000.0,105561.0,116764.0,128352.0,131365.0,609,5,27,71,35,61,37,52,15,13,22,248,6,15,2,4.635938035245308,0.03806188863091387,0.2055341986069349,0.540478818558977,0.26643322041639705,0.46435504129714916,0.2816579758687626,0.39584364176150416,0.1141856658927416,0.09896091044037604,0.167472309976021,1.8878696760933278,0.04567426635709664,0.1141856658927416,0.015224755452365546
401022000,San Jose,401000000.0,400000000.0,68517.0,76971.0,79868.0,81170.0,240,5,10,31,16,34,11,44,3,5,12,60,4,3,2,2.956757422693113,0.06159911297277319,0.12319822594554639,0.3819145004311938,0.19711716151287423,0.4188739682148577,0.13551804854010102,0.5420721941604041,0.036959467783663914,0.06159911297277319,0.14783787113465566,0.7391893556732783,0.04927929037821856,0.036959467783663914,0.02463964518910928
401023000,San Juan,401000000.0,400000000.0,94291.0,108585.0,114068.0,115118.0,198,6,12,56,10,22,10,22,0,1,4,36,0,5,14,1.7199742872530794,0.05212043294706301,0.10424086589412603,0.4864573741725881,0.08686738824510502,0.19110825413923108,0.08686738824510502,0.19110825413923108,0.0,0.008686738824510503,0.03474695529804201,0.3127225976823781,0.0,0.04343369412255251,0.12161434354314703
401024000,San Luis,401000000.0,400000000.0,30701.0,33149.0,36172.0,36841.0,219,5,3,25,4,12,4,25,1,3,12,121,0,1,3,5.944464048207161,0.13571835726500367,0.0814310143590022,0.6785917863250183,0.10857468581200293,0.3257240574360088,0.10857468581200293,0.6785917863250183,0.027143671453000732,0.0814310143590022,0.3257240574360088,3.2843842458130887,0.0,0.027143671453000732,0.0814310143590022
401025000,San Nicolas,401000000.0,400000000.0,20599.0,22623.0,23908.0,24392.0,109,0,1,12,0,2,2,5,0,0,5,80,0,0,2,4.468678255165629,0.0,0.0409970482125287,0.49196457855034437,0.0,0.0819940964250574,0.0819940964250574,0.2049852410626435,0.0,0.0,0.2049852410626435,3.279763857002296,0.0,0.0,0.0819940964250574
401026000,San Pascual,401000000.0,400000000.0,59598.0,65424.0,69009.0,69419.0,303,2,12,30,5,8,5,11,1,5,7,214,0,2,1,4.364799262449761,0.028810556187787207,0.17286333712672322,0.4321583428168081,0.07202639046946802,0.11524222475114883,0.07202639046946802,0.1584580590328296,0.014405278093893603,0.07202639046946802,0.10083694665725522,3.082729512093231,0.0,0.028810556187787207,0.014405278093893603
401027000,Santa Teresita,401000000.0,400000000.0,17415.0,21127.0,21559.0,21742.0,107,0,2,11,0,0,0,2,0,0,4,87,0,0,1,4.921350381749609,0.0,0.09198785760279643,0.5059332168153804,0.0,0.0,0.0,0.09198785760279643,0.0,0.0,0.18397571520559286,4.001471805721645,0.0,0.0,0.045993928801398215
401028000,City of Sto. Tomas,401000000.0,400000000.0,124740.0,179844.0,218500.0,226772.0,558,9,25,35,34,113,13,102,19,14,27,148,0,13,6,2.4606212407175487,0.03968743936641208,0.11024288712892244,0.15434004198049142,0.1499303264953345,0.4982978498227294,0.05732630130703967,0.44979097948600355,0.08378459421798105,0.06173601679219657,0.11906231809923623,0.6526378918032208,0.0,0.05732630130703967,0.026458292910941386
401029000,Taal,401000000.0,400000000.0,51503.0,56327.0,61460.0,61559.0,350,8,8,24,1,39,4,32,1,0,14,204,1,5,9,5.685602430188924,0.12995662697574684,0.12995662697574684,0.38986988092724056,0.016244578371968355,0.6335385565067659,0.06497831348787342,0.5198265079029873,0.016244578371968355,0.0,0.22742409720755696,3.3138939878815443,0.016244578371968355,0.08122289185984177,0.1462012053477152
401030000,Talisay,401000000.0,400000000.0,39600.0,45301.0,46238.0,46477.0,164,10,7,17,2,27,3,43,1,0,19,19,0,0,16,3.5286270628482908,0.2151601867590421,0.15061213073132945,0.3657723174903716,0.043032037351808425,0.5809325042494137,0.06454805602771263,0.9251888030638811,0.021516018675904212,0.0,0.40880435484218003,0.40880435484218003,0.0,0.0,0.3442562988144674
401031000,City of Tanauan,401000000.0,400000000.0,152393.0,173366.0,193936.0,209697.0,434,9,21,82,21,39,10,110,2,6,34,82,0,12,6,2.069652880107965,0.04291906894233108,0.10014449419877251,0.3910404059190165,0.10014449419877251,0.18598263208343468,0.047687854380367864,0.5245663981840465,0.009537570876073573,0.02861271262822072,0.16213870489325075,0.3910404059190165,0.0,0.05722542525644144,0.02861271262822072
401032000,Taysan,401000000.0,400000000.0,35357.0,38007.0,40146.0,41332.0,94,0,1,29,4,5,3,4,1,2,3,41,0,1,0,2.2742669118358654,0.0,0.02419432884931772,0.7016355366302138,0.09677731539727089,0.1209716442465886,0.07258298654795316,0.09677731539727089,0.02419432884931772,0.04838865769863544,0.07258298654795316,0.9919674828220265,0.0,0.02419432884931772,0.0
401034000,Tuy,401000000.0,400000000.0,40734.0,43743.0,46519.0,47199.0,103,1,11,28,3,7,0,12,0,0,13,26,0,2,0,2.1822496239327105,0.021186889552744764,0.23305578508019237,0.5932329074768533,0.06356066865823429,0.14830822686921333,0.0,0.25424267463293715,0.0,0.0,0.2754295641856819,0.5508591283713637,0.0,0.04237377910548953,0.0
402101000,Alfonso,402100000.0,400000000.0,48567.0,51839.0,59306.0,60583.0,252,19,25,27,2,47,9,42,2,0,22,46,1,8,2,4.159582721225426,0.31361933215588533,0.41265701599458593,0.44566957727415285,0.03301256127956687,0.7757951900698216,0.14855652575805095,0.6932637868709044,0.03301256127956687,0.0,0.36313817407523563,0.7592889094300381,0.016506280639783436,0.1320502451182675,0.03301256127956687
402102000,Amadeo,402100000.0,400000000.0,33457.0,37649.0,41901.0,44190.0,282,7,16,21,4,51,13,42,12,2,12,91,1,7,3,6.38153428377461,0.15840687938447612,0.36207286716451687,0.47522063815342835,0.09051821679112922,1.1541072640868975,0.29418420457116995,0.9504412763068567,0.27155465037338766,0.04525910839556461,0.27155465037338766,2.0592894319981894,0.022629554197782304,0.15840687938447612,0.06788866259334692
402103000,City of Bacoor,402100000.0,400000000.0,520216.0,600609.0,664625.0,661381.0,3601,22,132,128,142,406,134,1573,97,49,74,748,20,62,14,5.444668050639495,0.03326373149515937,0.19958238897095623,0.19353443779001817,0.2147022669233014,0.6138670448652138,0.20260636456142528,2.378356801903895,0.14666281613774815,0.07408740196649133,0.11188709684735425,1.1309668708354188,0.030239755904690337,0.09374324330454005,0.021167829133283238
402104000,City of Carmona,402100000.0,400000000.0,74986.0,97557.0,106256.0,112140.0,330,4,21,14,20,45,8,110,6,3,30,59,0,7,3,2.9427501337613697,0.035669698591046906,0.18726591760299627,0.12484394506866417,0.17834849295523456,0.4012841091492777,0.07133939718209381,0.9809167112537899,0.05350454788657036,0.02675227394328518,0.26752273943285176,0.5261280542179418,0.0,0.062421972534332085,0.02675227394328518
402105000,City of Cavite,402100000.0,400000000.0,101120.0,102806.0,100674.0,98673.0,312,8,12,19,26,35,16,80,4,1,13,66,0,5,27,3.161959198564957,0.08107587688628094,0.12161381532942142,0.19255520760491723,0.2634965998804131,0.35470696137747915,0.16215175377256189,0.8107587688628094,0.04053793844314047,0.010134484610785118,0.13174829994020654,0.6688759843118178,0.0,0.05067242305392559,0.2736310844911982
402106000,City of Dasmariñas,402100000.0,400000000.0,575817.0,659019.0,703141.0,744511.0,3364,20,79,110,145,363,101,1597,52,44,80,609,4,107,53,4.5184020115216565,0.026863269985265496,0.10610991644179871,0.14774798491896024,0.19475870739317486,0.4875683502325688,0.13565951342559074,2.14503210832345,0.06984450196169029,0.05909919396758409,0.10745307994106199,0.8179865710513344,0.005372653997053099,0.1437184944211704,0.07118766546095356
402107000,General Emilio Aguinaldo,402100000.0,400000000.0,17507.0,22220.0,23973.0,24264.0,70,3,2,11,4,8,2,11,3,0,8,18,0,0,0,2.8849324101549625,0.12363996043521265,0.08242664029014178,0.4533465215957797,0.16485328058028356,0.3297065611605671,0.08242664029014178,0.4533465215957797,0.12363996043521265,0.0,0.3297065611605671,0.741839762611276,0.0,0.0,0.0
402108000,City of General Trias,402100000.0,400000000.0,243322.0,314303.0,450583.0,482453.0,1504,12,76,67,41,206,60,451,23,14,45,434,4,46,25,3.1174021096355498,0.024872889172624067,0.15752829809328578,0.13887363121381774,0.0849823713397989,0.42698459746337986,0.12436444586312034,0.9348060847377879,0.047673037580862804,0.029018370701394746,0.09327333439734026,0.8995694917432372,0.008290963057541357,0.09534607516172561,0.051818519109633476
402109000,City of Imus,402100000.0,400000000.0,301624.0,403785.0,496794.0,481949.0,7088,9,134,111,154,695,233,4092,168,123,101,1132,30,88,18,14.706950320469593,0.018674175068316357,0.2780377176838213,0.2303148258425684,0.3195358845023021,1.4420612969422075,0.48345364343530123,8.49052493106117,0.34858460127523866,0.2552137259336569,0.20956574243332798,2.3487962419260127,0.06224725022772119,0.1825919340013155,0.037348350136632714
402110000,Indang,402100000.0,400000000.0,62030.0,65599.0,68699.0,70092.0,495,4,11,38,16,73,22,134,22,3,43,109,1,13,6,7.062146892655367,0.05706785367802317,0.15693659761456372,0.54214460994122,0.22827141471209267,1.041488329623923,0.31387319522912743,1.9117730982137762,0.31387319522912743,0.042800890258517375,0.6134794270387491,1.5550990127261315,0.014266963419505792,0.1854705244535753,0.08560178051703475
402111000,Kawit,402100000.0,400000000.0,78209.0,83466.0,107535.0,123631.0,471,3,34,18,38,88,21,84,14,3,26,125,1,13,3,3.8097240983248537,0.024265758588056394,0.27501193066463914,0.14559455152833836,0.30736627544871437,0.7117955852496541,0.16986031011639474,0.679441240465579,0.11324020674426317,0.024265758588056394,0.21030324109648876,1.0110732745023499,0.008088586196018798,0.10515162054824438,0.024265758588056394
402112000,Magallanes,402100000.0,400000000.0,21231.0,22727.0,23851.0,25826.0,74,11,2,16,2,3,2,11,0,0,9,15,0,0,3,2.865329512893983,0.42592736002478127,0.07744133818632386,0.6195307054905909,0.07744133818632386,0.1161620072794858,0.07744133818632386,0.42592736002478127,0.0,0.0,0.3484860218384574,0.580810036397429,0.0,0.0,0.1161620072794858
402113000,Maragondon,402100000.0,400000000.0,35289.0,37720.0,40687.0,41977.0,176,0,6,21,3,16,5,29,1,0,14,35,1,21,24,4.192772232412988,0.0,0.14293541701407916,0.500273959549277,0.07146770850703958,0.3811611120375444,0.11911284751173262,0.6908545155680491,0.023822569502346524,0.0,0.33351597303285135,0.8337899325821283,0.023822569502346524,0.500273959549277,0.5717416680563167
402114000,Mendez,402100000.0,400000000.0,28570.0,31529.0,34879.0,36518.0,96,1,4,17,1,12,6,23,1,0,9,16,0,3,3,2.6288405717728245,0.02738375595596692,0.10953502382386768,0.46552385125143764,0.02738375595596692,0.32860507147160306,0.16430253573580153,0.6298263869872391,0.02738375595596692,0.0,0.24645380360370228,0.4381400952954707,0.0,0.08215126786790077,0.08215126786790077
402115000,Naic,402100000.0,400000000.0,88144.0,111454.0,160987.0,236978.0,375,1,22,46,15,28,19,62,1,5,38,127,0,10,1,1.5824253728194178,0.0042198009941851146,0.09283562187207252,0.19411084573251527,0.06329701491277671,0.11815442783718319,0.08017621888951718,0.2616276616394771,0.0042198009941851146,0.02109900497092557,0.16035243777903435,0.5359147262615096,0.0,0.04219800994185114,0.0042198009941851146
402116000,Noveleta,402100000.0,400000000.0,41678.0,45846.0,49452.0,46172.0,120,0,9,12,12,11,10,17,1,0,13,31,0,4,0,2.5989777354240666,0.0,0.194923330156805,0.2598977735424067,0.2598977735424067,0.23823962574720609,0.21658147795200552,0.3681885125184094,0.021658147795200554,0.0,0.2815559213376072,0.6714025816512171,0.0,0.08663259118080222,0.0
402117000,Rosario,402100000.0,400000000.0,92253.0,110706.0,110807.0,112572.0,198,6,10,13,16,34,7,30,2,4,6,58,0,10,2,1.7588743204349215,0.053299221831361265,0.0888320363856021,0.11548164730128274,0.14213125821696337,0.3020289237110471,0.06218242546992147,0.2664961091568063,0.017766407277120422,0.035532814554240844,0.053299221831361265,0.5152258110364922,0.0,0.0888320363856021,0.017766407277120422
402118000,Silang,402100000.0,400000000.0,213490.0,248085.0,295644.0,313145.0,1212,40,73,106,33,232,34,258,37,15,35,283,13,42,11,3.870411470724425,0.12773635216912294,0.23311884270864935,0.3385013332481758,0.10538249053952642,0.740870842580913,0.1085758993437545,0.8238994714908429,0.1181561257564387,0.0479011320634211,0.11176930814798255,0.9037346915965447,0.04151431445496495,0.13412316977757907,0.0351274968465088
402119000,City of Tagaytay,402100000.0,400000000.0,62030.0,71181.0,85330.0,87811.0,1487,147,24,36,45,355,31,479,33,7,31,220,9,36,34,16.934097094896995,1.6740499481841682,0.2733142772545581,0.4099714158818371,0.5124642698522964,4.042773684390339,0.3530309414538042,5.454897450205555,0.37580713122501735,0.07971666419924611,0.3530309414538042,2.505380874833449,0.10249285397045928,0.4099714158818371,0.38719522611062396
402120000,Tanza,402100000.0,400000000.0,188755.0,226188.0,312116.0,339308.0,517,19,31,39,17,84,20,71,14,1,14,185,1,19,2,1.5236893913494522,0.05599632192580192,0.09136241998420315,0.11493981868980396,0.05010197224940172,0.24756268640880855,0.058943496764002026,0.2092494135122072,0.04126044773480142,0.0029471748382001012,0.04126044773480142,0.5452273450670188,0.0029471748382001012,0.05599632192580192,0.0058943496764002025
402121000,Ternate,402100000.0,400000000.0,19297.0,23157.0,24653.0,24891.0,92,6,5,11,1,11,2,35,0,0,3,13,0,2,3,3.6961150616688765,0.24105098228275282,0.20087581856896067,0.4419268008517135,0.040175163713792136,0.4419268008517135,0.08035032742758427,1.4061307299827246,0.0,0.0,0.12052549114137641,0.5222771282792977,0.0,0.08035032742758427,0.12052549114137641
402122000,City of Trece Martires,402100000.0,400000000.0,104559.0,155713.0,210503.0,227892.0,598,5,35,43,42,103,24,119,6,7,56,129,0,20,9,2.624049988591087,0.0219402172959121,0.15358152107138467,0.18868586874484405,0.18429782528566163,0.45196847629578923,0.10531304302037807,0.5221771716427079,0.026328260755094517,0.03071630421427694,0.24573043371421552,0.566057606234532,0.0,0.0877608691836484,0.03949239113264178
402123000,Gen. Mariano Alvarez,402100000.0,400000000.0,138540.0,155143.0,172433.0,176927.0,366,4,16,28,16,62,20,78,10,2,26,93,1,10,0,2.0686497821135275,0.022608194340038548,0.09043277736015419,0.15825736038026983,0.09043277736015419,0.35042701227059747,0.11304097170019274,0.4408597896307517,0.05652048585009637,0.011304097170019274,0.14695326321025057,0.5256405184058962,0.005652048585009637,0.05652048585009637,0.0
403401000,Alaminos,403400000.0,400000000.0,43526.0,47859.0,51619.0,53589.0,190,3,14,18,10,30,10,40,4,4,9,45,0,2,1,3.5455037414394748,0.05598163802272855,0.26124764410606655,0.3358898281363713,0.18660546007576181,0.5598163802272854,0.18660546007576181,0.7464218403030473,0.07464218403030473,0.07464218403030473,0.16794491406818565,0.8397245703409282,0.0,0.037321092015152366,0.018660546007576183
403402000,Bay,403400000.0,400000000.0,55698.0,62143.0,67182.0,69802.0,195,4,8,25,9,26,8,44,6,3,18,39,0,3,2,2.7936162287613535,0.05730494828228418,0.11460989656456835,0.3581559267642761,0.1289361336351394,0.37248216383484717,0.11460989656456835,0.6303544311051259,0.08595742242342627,0.042978711211713136,0.2578722672702788,0.5587232457522707,0.0,0.042978711211713136,0.02865247414114209
403403000,City of Biñan,403400000.0,400000000.0,283396.0,333028.0,407437.0,584479.0,765,14,52,55,33,157,40,159,14,12,28,179,3,17,2,1.3088579743669146,0.023952956393642883,0.08896812374781643,0.09410090011788276,0.05646054007072966,0.26861529670013806,0.0684370182675511,0.2720371476135156,0.023952956393642883,0.020531105480265332,0.047905912787285766,0.30625565674729116,0.005132776370066333,0.029085732763709217,0.003421850913377555
403404000,City of Cabuyao,403400000.0,400000000.0,248436.0,308745.0,355330.0,365202.0,484,7,26,55,19,45,14,103,9,7,20,157,0,14,8,1.3252939469115723,0.01916747443880373,0.07119347648698528,0.150601584876315,0.05202600204818156,0.12321947853516683,0.03833494887760746,0.2820356953138263,0.02464389570703337,0.01916747443880373,0.05476421268229637,0.4298990695560265,0.0,0.03833494887760746,0.02190568507291855
403405000,City of Calamba,403400000.0,400000000.0,389377.0,454486.0,539671.0,575046.0,2350,90,76,140,134,330,82,492,54,32,89,726,0,55,50,4.086629591371821,0.15650921839296333,0.13216333997628016,0.24345878416683187,0.23302483627396767,0.5738671341075323,0.14259728786914438,0.8555837272148663,0.093905531035778,0.05564772209527586,0.15477022707748597,1.262507695036571,0.0,0.09564452235125538,0.08694956577386852
403406000,Calauan,403400000.0,400000000.0,74890.0,80453.0,87693.0,89670.0,213,1,6,25,4,15,4,75,2,1,16,56,0,6,2,2.375376380060221,0.011152001784320286,0.06691201070592172,0.2788000446080071,0.04460800713728114,0.16728002676480427,0.04460800713728114,0.8364001338240213,0.02230400356864057,0.011152001784320286,0.17843202854912457,0.624512099921936,0.0,0.06691201070592172,0.02230400356864057
403407000,Cavinti,403400000.0,400000000.0,20809.0,21702.0,23980.0,24740.0,164,6,2,19,2,4,2,19,0,1,8,83,0,12,6,6.628940986257073,0.24252223120452707,0.08084074373484237,0.7679870654810024,0.08084074373484237,0.16168148746968475,0.08084074373484237,0.7679870654810024,0.0,0.04042037186742119,0.3233629749393695,3.3548908649959577,0.0,0.48504446240905413,0.24252223120452707
403408000,Famy,403400000.0,400000000.0,15021.0,16587.0,16791.0,17668.0,78,0,3,7,3,13,5,10,0,0,3,32,0,1,1,4.41476115010188,0.0,0.1697985057731492,0.39619651347068147,0.1697985057731492,0.7357935250169798,0.28299750962191533,0.5659950192438307,0.0,0.0,0.1697985057731492,1.811184061580258,0.0,0.05659950192438306,0.05659950192438306
403409000,Kalayaan,403400000.0,400000000.0,20944.0,23269.0,24755.0,25243.0,121,3,3,9,0,5,0,9,0,0,3,86,0,0,3,4.793408073525334,0.11884482826922314,0.11884482826922314,0.35653448480766947,0.0,0.1980747137820386,0.0,0.35653448480766947,0.0,0.0,0.11884482826922314,3.4068850770510637,0.0,0.0,0.11884482826922314
403410000,Liliw,403400000.0,400000000.0,33851.0,36582.0,39491.0,39976.0,69,1,2,12,3,15,2,8,1,0,4,13,0,3,5,1.7260356213728238,0.02501500900540324,0.05003001801080648,0.3001801080648389,0.07504502701620973,0.37522513508104866,0.05003001801080648,0.20012007204322593,0.02501500900540324,0.0,0.10006003602161297,0.3251951170702421,0.0,0.07504502701620973,0.12507504502701622
403411000,Los Baños,403400000.0,400000000.0,101884.0,112008.0,115353.0,117030.0,1678,35,20,47,57,292,46,551,57,12,37,412,1,54,57,14.338203879347176,0.2990686148850722,0.1708963513628984,0.40160642570281124,0.48705460138426043,2.4950867298983166,0.39306160813466634,4.708194480047851,0.48705460138426043,0.10253781081773904,0.31615825002136205,3.520464838075707,0.00854481756814492,0.4614201486798257,0.48705460138426043
403412000,Luisiana,403400000.0,400000000.0,20148.0,19720.0,20859.0,21824.0,212,9,3,16,8,35,15,49,5,0,29,30,2,5,6,9.714076246334312,0.4123900293255132,0.13746334310850442,0.7331378299120235,0.36656891495601174,1.6037390029325513,0.687316715542522,2.245234604105572,0.22910557184750735,0.0,1.3288123167155423,1.374633431085044,0.09164222873900293,0.22910557184750735,0.27492668621700883
403413000,Lumban,403400000.0,400000000.0,29470.0,30652.0,32330.0,32793.0,138,6,5,15,1,5,1,20,4,1,17,54,0,4,5,4.2082151678711925,0.18296587686396487,0.15247156405330406,0.4574146921599122,0.030494312810660812,0.15247156405330406,0.030494312810660812,0.6098862562132162,0.12197725124264325,0.030494312810660812,0.5184033177812338,1.6466928917756838,0.0,0.12197725124264325,0.15247156405330406
403414000,Mabitac,403400000.0,400000000.0,18618.0,20530.0,21275.0,21748.0,48,0,5,11,0,4,0,3,0,1,7,14,0,1,2,2.207099503402612,0.0,0.2299061982711054,0.5057936361964318,0.0,0.1839249586168843,0.0,0.13794371896266325,0.0,0.04598123965422107,0.3218686775795475,0.643737355159095,0.0,0.04598123965422107,0.09196247930844215
403415000,Magdalena,403400000.0,400000000.0,22976.0,25266.0,27816.0,28131.0,70,1,1,9,2,0,1,11,0,0,6,38,0,1,0,2.488358039173865,0.03554797198819808,0.03554797198819808,0.3199317478937827,0.07109594397639615,0.0,0.03554797198819808,0.39102769187017883,0.0,0.0,0.21328783192918843,1.3508229355515269,0.0,0.03554797198819808,0.0
403416000,Majayjay,403400000.0,400000000.0,26547.0,27792.0,27893.0,28504.0,63,5,3,10,4,6,3,11,0,0,9,6,0,3,3,2.2102161100196462,0.17541397698568623,0.10524838619141173,0.35082795397137245,0.140331181588549,0.21049677238282347,0.10524838619141173,0.38591074936850966,0.0,0.0,0.3157451585742352,0.21049677238282347,0.0,0.10524838619141173,0.10524838619141173
403417000,Nagcarlan,403400000.0,400000000.0,59726.0,63057.0,64866.0,66351.0,83,1,3,30,6,7,3,10,0,0,10,8,0,2,3,1.2509231209778302,0.01507136290334735,0.04521408871004205,0.4521408871004205,0.0904281774200841,0.10549954032343145,0.04521408871004205,0.1507136290334735,0.0,0.0,0.1507136290334735,0.1205709032267788,0.0,0.0301427258066947,0.04521408871004205
403418000,Paete,403400000.0,400000000.0,23523.0,25096.0,24945.0,25254.0,183,3,1,7,12,33,9,33,4,0,15,48,11,4,3,7.246376811594203,0.11879306248515087,0.03959768749505029,0.277183812465352,0.4751722499406035,1.3067236873366594,0.3563791874554526,1.3067236873366594,0.15839074998020117,0.0,0.5939653124257543,1.900688999762414,0.43557456244555315,0.15839074998020117,0.11879306248515087
403419000,Pagsanjan,403400000.0,400000000.0,39313.0,42164.0,44327.0,45602.0,368,17,20,21,7,52,15,80,4,2,22,121,0,5,2,8.06982149905706,0.37279066707600544,0.4385772553835358,0.46050611815271264,0.15350203938423754,1.1403008639971932,0.32893294153765185,1.7543090215341433,0.08771545107670717,0.043857725538353584,0.4824349809218894,2.6533923950703917,0.0,0.10964431384588395,0.043857725538353584
403420000,Pakil,403400000.0,400000000.0,20822.0,20659.0,23495.0,23972.0,46,2,3,12,0,3,0,5,0,0,6,13,0,2,0,1.918905389621225,0.0834306691139663,0.12514600367094944,0.5005840146837978,0.0,0.12514600367094944,0.0,0.20857667278491573,0.0,0.0,0.2502920073418989,0.5422993492407809,0.0,0.0834306691139663,0.0
403421000,Pangil,403400000.0,400000000.0,23201.0,24274.0,25026.0,25318.0,71,1,1,12,0,1,1,7,0,0,8,38,0,2,0,2.804328935934908,0.03949759064697053,0.03949759064697053,0.4739710877636464,0.0,0.03949759064697053,0.03949759064697053,0.27648313452879375,0.0,0.0,0.31598072517576425,1.5009084445848804,0.0,0.07899518129394106,0.0
403422000,Pila,403400000.0,400000000.0,46534.0,50289.0,54613.0,57776.0,101,3,9,22,1,10,3,15,2,0,7,25,1,2,1,1.7481307117142066,0.05192467460537247,0.1557740238161174,0.3807809471060648,0.01730822486845749,0.17308224868457492,0.05192467460537247,0.2596233730268624,0.03461644973691498,0.0,0.12115757407920244,0.4327056217114373,0.01730822486845749,0.03461644973691498,0.01730822486845749
403423000,Rizal,403400000.0,400000000.0,15518.0,17253.0,18332.0,18864.0,25,0,0,4,0,1,2,4,0,0,4,5,0,3,2,1.325275657336726,0.0,0.0,0.21204410517387617,0.0,0.053011026293469043,0.10602205258693809,0.21204410517387617,0.0,0.0,0.21204410517387617,0.2650551314673452,0.0,0.15903307888040713,0.10602205258693809
403424000,City of San Pablo,403400000.0,400000000.0,248890.0,266068.0,285348.0,300166.0,1937,25,77,117,117,324,136,400,65,28,104,474,8,32,30,6.453095953572356,0.08328724772292664,0.2565247229866141,0.3897843193432967,0.3897843193432967,1.0794027304891294,0.45308262761272095,1.3325959635668263,0.21654684407960928,0.09328171744967785,0.34647495052737487,1.5791262168266893,0.02665191927133653,0.10660767708534612,0.09994469726751197
403425000,City of San Pedro,403400000.0,400000000.0,294310.0,325809.0,326001.0,348968.0,967,8,23,89,67,173,55,161,39,18,29,285,2,18,0,2.7710277160083447,0.02292473808486738,0.06590862199399372,0.2550377111941496,0.1919946814607643,0.495747461085257,0.15760757433346323,0.461360353957956,0.11175809816372849,0.0515806606909516,0.08310217555764426,0.8166937942734005,0.005731184521216845,0.0515806606909516,0.0
403426000,Santa Cruz,403400000.0,400000000.0,110943.0,117605.0,123574.0,126844.0,692,9,19,38,35,91,39,127,15,5,40,254,1,18,1,5.455520166503737,0.07095329696319888,0.14979029358897544,0.2995805871779509,0.2759294881902179,0.7174166692945665,0.3074642868405285,1.0012298571473621,0.11825549493866482,0.039418498312888274,0.3153479865031062,2.0024597142947242,0.007883699662577655,0.14190659392639776,0.007883699662577655
403427000,Santa Maria,403400000.0,400000000.0,26839.0,30830.0,34511.0,34102.0,113,0,3,20,0,4,1,16,0,0,13,54,0,0,2,3.3135886458272243,0.0,0.08797137997771391,0.5864758665180928,0.0,0.11729517330361856,0.02932379332590464,0.46918069321447425,0.0,0.0,0.38120931323676027,1.5834848395988506,0.0,0.0,0.05864758665180928
403428000,City of Santa Rosa,403400000.0,400000000.0,284670.0,353767.0,414812.0,430920.0,1760,22,56,47,92,339,50,546,42,22,45,446,3,31,19,4.084284786039172,0.05105355982548965,0.1299545159194282,0.10906896871809152,0.21349670472477492,0.7866889445836814,0.11603081778520374,1.267056530214425,0.09746588693957114,0.05105355982548965,0.10442773600668337,1.0349948946440175,0.0069618490671122255,0.07193910702682633,0.04409171075837743
403429000,Siniloan,403400000.0,400000000.0,35363.0,38067.0,39460.0,42533.0,660,3,6,23,24,118,14,82,20,5,31,304,6,19,5,15.517362988738155,0.07053346813062798,0.14106693626125597,0.5407565890014813,0.5642677450450239,2.774316413138034,0.3291561846095972,1.927914795570498,0.4702231208708532,0.1175557802177133,0.7288458373498226,7.147391437236969,0.14106693626125597,0.44671196482731057,0.1175557802177133
403430000,Victoria,403400000.0,400000000.0,34604.0,39321.0,43408.0,45230.0,111,0,6,17,4,24,5,17,3,0,9,23,0,3,0,2.4541233694450586,0.0,0.13265531726730045,0.37585673225735133,0.08843687817820031,0.5306212690692018,0.1105460977227504,0.37585673225735133,0.06632765863365023,0.0,0.1989829759009507,0.5085120495246518,0.0,0.06632765863365023,0.0
405601000,Agdangan,405600000.0,400000000.0,11567.0,12851.0,12764.0,13316.0,36,3,2,8,3,3,2,4,0,0,3,5,0,1,2,2.703514568939622,0.22529288074496845,0.15019525382997898,0.6007810153199159,0.22529288074496845,0.22529288074496845,0.15019525382997898,0.30039050765995795,0.0,0.0,0.22529288074496845,0.37548813457494745,0.0,0.07509762691498949,0.15019525382997898
405602000,Alabat,405600000.0,400000000.0,16120.0,15630.0,15936.0,15744.0,28,1,0,6,0,2,9,4,0,0,4,0,0,2,0,1.7784552845528454,0.06351626016260163,0.0,0.38109756097560976,0.0,0.12703252032520326,0.5716463414634146,0.2540650406504065,0.0,0.0,0.2540650406504065,0.0,0.0,0.12703252032520326,0.0
405603000,Atimonan,405600000.0,400000000.0,61587.0,63432.0,64260.0,65552.0,109,1,7,35,7,6,4,19,0,0,13,12,0,5,0,1.662802050280693,0.015255064681474249,0.10678545277031974,0.5339272638515987,0.10678545277031974,0.09153038808884549,0.061020258725896996,0.28984622894801076,0.0,0.0,0.19831584085916523,0.18306077617769098,0.0,0.07627532340737125,0.0
405605000,Buenavista,405600000.0,400000000.0,29053.0,30047.0,31160.0,31550.0,27,1,0,21,0,0,0,2,0,0,2,1,0,0,0,0.8557844690966719,0.03169572107765452,0.0,0.6656101426307448,0.0,0.0,0.0,0.06339144215530904,0.0,0.0,0.06339144215530904,0.03169572107765452,0.0,0.0,0.0
405606000,Burdeos,405600000.0,400000000.0,21662.0,23854.0,24644.0,22742.0,51,2,0,14,0,5,2,7,1,0,7,10,0,1,2,2.2425468296543842,0.0879430129276229,0.0,0.6156010904933603,0.0,0.21985753231905725,0.0879430129276229,0.30780054524668016,0.04397150646381145,0.0,0.30780054524668016,0.4397150646381145,0.0,0.04397150646381145,0.0879430129276229
405607000,Calauag,405600000.0,400000000.0,69223.0,73139.0,71809.0,68999.0,118,0,6,58,4,14,4,11,1,1,3,13,1,1,1,1.7101697126045305,0.0,0.08695778199684054,0.8405918926361252,0.057971854664560354,0.20290149132596125,0.057971854664560354,0.159422600327541,0.014492963666140089,0.014492963666140089,0.04347889099842027,0.18840852765982116,0.014492963666140089,0.014492963666140089,0.014492963666140089
405608000,Candelaria,405600000.0,400000000.0,110570.0,117434.0,137881.0,137933.0,175,3,18,35,13,25,6,24,1,1,10,27,0,6,6,1.2687319205701317,0.021749690066916547,0.1304981404014993,0.2537463841140264,0.09424865695663837,0.18124741722430454,0.043499380133833095,0.17399752053533238,0.007249896688972182,0.007249896688972182,0.07249896688972182,0.1957472106022489,0.0,0.043499380133833095,0.043499380133833095
405610000,Catanauan,405600000.0,400000000.0,65832.0,71073.0,72752.0,76250.0,2,0,0,2,0,0,0,0,0,0,0,0,0,0,0,0.02622950819672131,0.0,0.0,0.02622950819672131,0.0,0.0,0.0,0.0,0.0,0.0,0.0,0.0,0.0,0.0,0.0
405615000,Dolores,405600000.0,400000000.0,27702.0,28891.0,32514.0,32645.0,101,0,2,16,4,4,3,27,0,1,11,15,0,4,14,3.093888803798438,0.0,0.061265124827691836,0.4901209986215347,0.12253024965538367,0.12253024965538367,0.09189768724153775,0.8270791851738398,0.0,0.030632562413845918,0.33695818655230514,0.45948843620768876,0.0,0.12253024965538367,0.4288558737938428
405616000,General Luna,405600000.0,400000000.0,25373.0,26494.0,24804.0,25110.0,9,0,0,8,0,0,0,0,0,0,0,0,0,0,1,0.35842293906810035,0.0,0.0,0.31859816806053365,0.0,0.0,0.0,0.0,0.0,0.0,0.0,0.0,0.0,0.0,0.039824771007566706
405617000,General Nakar,405600000.0,400000000.0,25973.0,29705.0,34225.0,34982.0,41,0,1,22,0,0,0,8,0,0,4,5,0,1,0,1.1720313303984906,0.0,0.028586130009719286,0.6288948602138242,0.0,0.0,0.0,0.22868904007775429,0.0,0.0,0.11434452003887714,0.14293065004859642,0.0,0.028586130009719286,0.0
405618000,Guinayangan,405600000.0,400000000.0,41669.0,45155.0,44045.0,45375.0,81,1,4,33,1,2,0,6,0,0,4,30,0,0,0,1.7851239669421488,0.02203856749311295,0.0881542699724518,0.7272727272727272,0.02203856749311295,0.0440771349862259,0.0,0.1322314049586777,0.0,0.0,0.0881542699724518,0.6611570247933884,0.0,0.0,0.0
405619000,Gumaca,405600000.0,400000000.0,69618.0,73877.0,71942.0,72454.0,159,7,11,35,12,18,14,23,1,0,9,24,0,4,1,2.1944958180362715,0.09661302343555911,0.15182046539873573,0.48306511717779554,0.1656223258895299,0.24843348883429486,0.19322604687111822,0.3174427912882657,0.01380186049079416,0.0,0.12421674441714743,0.3312446517790598,0.0,0.05520744196317664,0.01380186049079416
405620000,Infanta,405600000.0,400000000.0,64818.0,69079.0,76186.0,77676.0,215,5,9,27,1,33,9,31,3,2,28,62,0,2,3,2.7679077192440396,0.0643699469591637,0.11586590452649467,0.34759771357948405,0.01287398939183274,0.42484164993048046,0.11586590452649467,0.399093671146815,0.03862196817549822,0.02574797878366548,0.36047170297131675,0.79818734229363,0.0,0.02574797878366548,0.03862196817549822
405621000,Jomalig,405600000.0,400000000.0,6884.0,7417.0,7667.0,7884.0,28,4,0,7,0,0,1,6,0,0,6,3,0,0,1,3.5514967021816335,0.5073566717402334,0.0,0.8878741755454084,0.0,0.0,0.12683916793505834,0.76103500761035,0.0,0.0,0.76103500761035,0.380517503805175,0.0,0.0,0.12683916793505834
405622000,Lopez,405600000.0,400000000.0,91074.0,95167.0,94657.0,96006.0,155,2,9,75,7,10,6,17,3,1,5,13,0,7,0,1.614482428181572,0.020832031331375123,0.09374414099118805,0.781201174926567,0.07291210965981293,0.10416015665687561,0.06249609399412537,0.17707226631668854,0.031248046997062684,0.010416015665687561,0.05208007832843781,0.1354082036539383,0.0,0.07291210965981293,0.0
405623000,Lucban,405600000.0,400000000.0,46698.0,51475.0,53091.0,54134.0,265,13,6,23,7,91,11,49,2,0,16,35,0,5,7,4.895259910592235,0.2401448258026379,0.11083607344737133,0.42487161488159014,0.12930875235526657,1.6810137806184653,0.20319946798684746,0.9051612664868659,0.03694535781579045,0.0,0.2955628625263236,0.6465437617763329,0.0,0.09236339453947612,0.12930875235526657
405625000,Macalelon,405600000.0,400000000.0,26419.0,28188.0,27312.0,25266.0,43,0,3,21,0,1,1,6,0,0,7,3,0,0,1,1.7018918704979022,0.0,0.11873664212776062,0.8311564948943244,0.0,0.03957888070925354,0.03957888070925354,0.23747328425552125,0.0,0.0,0.2770521649647748,0.11873664212776062,0.0,0.0,0.03957888070925354
405627000,Mauban,405600000.0,400000000.0,61141.0,63819.0,71081.0,70135.0,72,5,3,41,0,6,0,5,0,1,4,6,0,0,1,1.0265915733941684,0.07129108148570615,0.04277464889142368,0.5845868681827903,0.0,0.08554929778284737,0.0,0.07129108148570615,0.0,0.014258216297141227,0.05703286518856491,0.08554929778284737,0.0,0.0,0.014258216297141227
405629000,Padre Burgos,405600000.0,400000000.0,20161.0,22460.0,23488.0,23392.0,188,2,2,20,1,19,9,52,3,0,38,38,0,3,1,8.036935704514363,0.08549931600547195,0.08549931600547195,0.8549931600547196,0.042749658002735974,0.8122435020519836,0.3847469220246238,2.2229822161422708,0.12824897400820792,0.0,1.6244870041039672,1.6244870041039672,0.0,0.12824897400820792,0.042749658002735974
405630000,Pagbilao,405600000.0,400000000.0,65996.0,75023.0,78700.0,82132.0,164,3,16,22,5,17,8,29,1,2,35,20,0,4,2,1.9967856621049043,0.036526566989723855,0.19480835727852724,0.267861491257975,0.06087761164953977,0.2069838796084352,0.09740417863926362,0.35309014756733065,0.012175522329907953,0.024351044659815906,0.4261432815467784,0.24351044659815907,0.0,0.04870208931963181,0.024351044659815906
405631000,Panukulan,405600000.0,400000000.0,15015.0,16452.0,16376.0,17118.0,7,0,0,7,0,0,0,0,0,0,0,0,0,0,0,0.4089262764341629,0.0,0.0,0.4089262764341629,0.0,0.0,0.0,0.0,0.0,0.0,0.0,0.0,0.0,0.0,0.0
405632000,Patnanungan,405600000.0,400000000.0,13865.0,14606.0,15052.0,15554.0,19,0,0,13,0,0,0,5,0,0,0,1,0,0,0,1.2215507265012215,0.0,0.0,0.8357978655008358,0.0,0.0,0.0,0.32146071750032146,0.0,0.0,0.0,0.06429214350006429,0.0,0.0,0.0
405633000,Perez,405600000.0,400000000.0,12039.0,12173.0,12767.0,13052.0,18,0,0,8,1,0,0,4,0,0,1,4,0,0,0,1.3790989886607417,0.0,0.0,0.6129328838492185,0.07661661048115231,0.0,0.0,0.30646644192460926,0.0,0.0,0.07661661048115231,0.30646644192460926,0.0,0.0,0.0
405634000,Pitogo,405600000.0,400000000.0,21380.0,23019.0,22798.0,22499.0,48,0,2,22,0,1,1,9,0,0,11,2,0,0,0,2.1334281523623275,0.0,0.08889283968176363,0.9778212364994,0.0,0.044446419840881816,0.044446419840881816,0.40001777856793636,0.0,0.0,0.4889106182497,0.08889283968176363,0.0,0.0,0.0
405635000,Plaridel,405600000.0,400000000.0,10238.0,10935.0,10129.0,10866.0,22,1,1,6,0,1,3,5,0,0,3,2,0,0,0,2.0246640898214614,0.09203018590097552,0.09203018590097552,0.5521811154058531,0.0,0.09203018590097552,0.27609055770292656,0.4601509295048776,0.0,0.0,0.27609055770292656,0.18406037180195103,0.0,0.0,0.0
405636000,Polillo,405600000.0,400000000.0,28125.0,30582.0,31908.0,31737.0,90,15,0,26,0,15,3,9,1,0,11,4,0,3,3,2.83580678703091,0.47263446450515173,0.0,0.8192330718089296,0.0,0.47263446450515173,0.09452689290103035,0.28358067870309106,0.03150896430034345,0.0,0.34659860730377795,0.1260358572013738,0.0,0.09452689290103035,0.09452689290103035
405637000,Quezon,405600000.0,400000000.0,15142.0,15228.0,15886.0,15869.0,36,0,0,20,1,0,2,3,0,0,7,2,0,1,0,2.26857394920915,0.0,0.0,1.26031886067175,0.0630159430335875,0.0,0.126031886067175,0.18904782910076248,0.0,0.0,0.44111160123511245,0.126031886067175,0.0,0.0630159430335875,0.0
405638000,Real,405600000.0,400000000.0,35189.0,35979.0,38678.0,39969.0,121,4,6,19,2,13,5,11,0,0,7,48,0,3,3,3.0273461932998074,0.10007756010908454,0.15011634016362682,0.4753684105181516,0.05003878005454227,0.32525207035452475,0.1250969501363557,0.2752132902999825,0.0,0.0,0.17513573019089793,1.2009307213090146,0.0,0.07505817008181341,0.07505817008181341
405639000,Sampaloc,405600000.0,400000000.0,13107.0,13907.0,13629.0,13331.0,28,0,1,12,2,0,1,2,0,0,3,6,0,1,0,2.1003675643237565,0.0,0.07501312729727704,0.9001575275673243,0.15002625459455407,0.0,0.07501312729727704,0.15002625459455407,0.0,0.0,0.22503938189183106,0.45007876378366213,0.0,0.07501312729727704,0.0
405641000,San Antonio,405600000.0,400000000.0,31681.0,33467.0,35891.0,36451.0,40,1,1,18,0,0,2,2,0,0,14,1,0,1,0,1.0973635839894653,0.027434089599736634,0.027434089599736634,0.49381361279525937,0.0,0.0,0.05486817919947327,0.05486817919947327,0.0,0.0,0.38407725439631285,0.027434089599736634,0.0,0.027434089599736634,0.0
405645000,Sariaya,405600000.0,400000000.0,138894.0,148980.0,161868.0,172018.0,569,12,16,58,19,52,25,56,19,15,20,259,3,7,8,3.307793370461231,0.0697601413805532,0.09301352184073759,0.3371740166726738,0.11045355718587589,0.3022939459823972,0.1453336278761525,0.3255473264425816,0.11045355718587589,0.0872001767256915,0.116266902300922,1.50565638479694,0.0174400353451383,0.0406934158053227,0.046506760920368796
405646000,Tagkawayan,405600000.0,400000000.0,50833.0,51832.0,54003.0,54709.0,136,5,6,51,4,26,5,22,0,1,4,12,0,0,0,2.485879836955528,0.09139264106454148,0.10967116927744978,0.9322049388583232,0.07311411285163318,0.4752417335356157,0.09139264106454148,0.4021276206839825,0.0,0.018278528212908294,0.07311411285163318,0.21934233855489957,0.0,0.0,0.0
405647000,City of Tayabas,405600000.0,400000000.0,91428.0,99779.0,112658.0,115318.0,363,5,21,42,17,60,9,57,5,3,85,49,1,5,4,3.147817339877556,0.04335836556305173,0.1821051353648173,0.3642102707296346,0.1474184429143759,0.5203003867566208,0.07804505801349312,0.49428536741878976,0.04335836556305173,0.02601501933783104,0.7370922145718796,0.424911982517907,0.008671673112610346,0.04335836556305173,0.034686692450441384
405648000,Tiaong,405600000.0,400000000.0,91599.0,99712.0,106265.0,107666.0,235,8,15,45,6,34,8,42,2,2,18,40,2,7,6,2.182676053721695,0.07430386565861088,0.13931974810989542,0.41795924432968623,0.05572789924395817,0.3157914290490963,0.07430386565861088,0.39009529470770715,0.01857596641465272,0.01857596641465272,0.1671836977318745,0.3715193282930544,0.01857596641465272,0.06501588245128453,0.05572789924395817
405649000,Unisan,405600000.0,400000000.0,25186.0,26884.0,25448.0,25357.0,77,0,5,23,2,2,6,14,0,0,13,6,0,5,1,3.036636826122964,0.0,0.19718420948850418,0.9070473636471191,0.07887368379540166,0.07887368379540166,0.23662105138620498,0.5521157865678117,0.0,0.0,0.5126789446701109,0.23662105138620498,0.0,0.19718420948850418,0.03943684189770083
405801000,Angono,405800000.0,400000000.0,102407.0,113283.0,130494.0,134975.0,377,4,9,22,17,60,24,58,12,8,19,107,2,30,5,2.793109835154658,0.02963511761437303,0.06667901463233931,0.16299314687905167,0.12594924986108538,0.44452676421559545,0.1778107056862382,0.42970920540840896,0.0889053528431191,0.05927023522874606,0.1407668086682719,0.7927393961844786,0.014817558807186515,0.22226338210779772,0.037043897017966294
405802000,City of Antipolo,405800000.0,400000000.0,677741.0,776386.0,887399.0,913712.0,2493,38,131,155,106,363,91,807,54,56,63,503,26,83,17,2.728430840352321,0.04158859684451994,0.14337121543768716,0.1696376976552787,0.1160102964610293,0.397280543541072,0.09959374507503459,0.8832104645665155,0.05909958498958096,0.0612884585077136,0.06894951582117778,0.550501689810356,0.028455355735724167,0.09083825100250408,0.01860542490412734
405803000,Baras,405800000.0,400000000.0,32609.0,69300.0,87637.0,91099.0,94,1,9,14,0,8,6,14,0,0,24,14,0,3,1,1.0318444768877815,0.010977068903061505,0.09879362012755355,0.15367896464286107,0.0,0.08781655122449204,0.06586241341836903,0.15367896464286107,0.0,0.0,0.2634496536734761,0.15367896464286107,0.0,0.032931206709184514,0.010977068903061505
405804000,Binangonan,405800000.0,400000000.0,249872.0,282474.0,313631.0,321281.0,548,9,25,70,28,83,26,102,12,3,43,115,2,26,4,1.705671981847666,0.02801286101574634,0.07781350282151761,0.2178778079002493,0.08715112316009972,0.25834082936743846,0.08092604293437831,0.3174790915117919,0.03735048135432845,0.009337620338582113,0.1338392248530103,0.35794211297898104,0.0062250802257214095,0.08092604293437831,0.012450160451442819
405805000,Cainta,405800000.0,400000000.0,311845.0,322128.0,376933.0,386321.0,1890,23,79,72,100,300,106,334,84,38,69,606,16,58,5,4.892304586082559,0.05953598173539621,0.20449315465636092,0.18637350804124034,0.25885209450172264,0.776556283505168,0.27438322017182604,0.8645659956357538,0.21743575938144702,0.09836379591065461,0.17860794520618864,1.5686436926804392,0.04141633512027562,0.15013421481099912,0.012942604725086133
405806000,Cardona,405800000.0,400000000.0,47414.0,49034.0,50143.0,51493.0,119,1,3,24,4,23,5,17,1,0,18,18,0,5,0,2.31099372730274,0.019420115355485212,0.05826034606645564,0.4660827685316451,0.07768046142194085,0.4466626531761599,0.09710057677742606,0.3301419610432486,0.019420115355485212,0.0,0.34956207639873377,0.34956207639873377,0.0,0.09710057677742606,0.0
405807000,Jala-Jala,405800000.0,400000000.0,30074.0,32254.0,34017.0,34901.0,35,2,1,11,0,2,2,8,0,0,5,2,0,2,0,1.0028365949399731,0.05730494828228418,0.02865247414114209,0.31517721555256295,0.0,0.05730494828228418,0.05730494828228418,0.2292197931291367,0.0,0.0,0.14326237070571043,0.05730494828228418,0.0,0.05730494828228418,0.0
405808000,Rodriguez,405800000.0,400000000.0,280904.0,369222.0,443954.0,451383.0,469,3,23,66,17,37,24,104,2,3,32,108,0,33,17,1.0390289399467858,0.006646240554030613,0.050954510914234696,0.1462172921886735,0.037662029806173475,0.08197030016637756,0.05316992443224491,0.23040300587306126,0.004430827036020409,0.006646240554030613,0.07089323257632654,0.23926465994510207,0.0,0.07310864609433675,0.037662029806173475
405809000,Morong,405800000.0,400000000.0,52194.0,58118.0,71151.0,72262.0,131,2,12,21,5,14,5,28,0,0,8,22,0,12,2,1.8128476931167141,0.02767706401704907,0.16606238410229443,0.2906091721790152,0.06919266004262267,0.19373944811934352,0.06919266004262267,0.38747889623868703,0.0,0.0,0.11070825606819629,0.3044477041875398,0.0,0.16606238410229443,0.02767706401704907
405810000,Pililla,405800000.0,400000000.0,59527.0,64812.0,71535.0,72503.0,129,2,12,15,5,30,5,18,0,0,3,28,1,4,6,1.7792367212391211,0.02758506544556777,0.16551039267340661,0.20688799084175827,0.06896266361391942,0.41377598168351654,0.06896266361391942,0.2482655890101099,0.0,0.0,0.041377598168351654,0.38619091623794877,0.013792532722783885,0.05517013089113554,0.08275519633670331
405811000,San Mateo,405800000.0,400000000.0,205255.0,252527.0,273306.0,276449.0,370,7,11,37,17,47,25,71,1,8,23,103,0,16,4,1.3384023816327786,0.025321126138998513,0.03979034107556909,0.13384023816327786,0.06149416348042496,0.1700132755047043,0.09043259335356611,0.2568285651241278,0.0036173037341426448,0.028938429873141158,0.08319798588528082,0.3725822846166924,0.0,0.057876859746282316,0.014469214936570579
405812000,Tanay,405800000.0,400000000.0,98879.0,117830.0,139420.0,145597.0,550,21,27,64,31,87,24,103,3,0,30,90,0,47,23,3.777550361614594,0.14423374107982995,0.18544338138835278,0.43956949662424366,0.212916474927368,0.5975397844735811,0.16483856123409138,0.7074321586296421,0.020604820154261422,0.0,0.20604820154261422,0.6181446046278426,0.0,0.3228088490834289,0.15797028784933756
405813000,Taytay,405800000.0,400000000.0,288956.0,319104.0,386451.0,397111.0,1791,22,87,64,72,321,89,421,46,28,58,498,20,57,8,4.5100740095338585,0.055400127420293065,0.21908232207115894,0.16116400704085257,0.18130950792095915,0.808338222814276,0.22411869729118558,1.0601569838156082,0.11583663006061277,0.070509253080373,0.14605488138077263,1.254057429786634,0.05036375220026642,0.1435366937707593,0.02014550088010657
405814000,Teresa,405800000.0,400000000.0,47163.0,57755.0,64072.0,67454.0,130,1,10,15,11,21,6,18,1,1,15,22,0,8,1,1.9272393038218638,0.014824917721706644,0.14824917721706643,0.22237376582559967,0.1630740949387731,0.31132327215583955,0.08894950633023986,0.26684851899071965,0.014824917721706644,0.014824917721706644,0.22237376582559967,0.3261481898775462,0.0,0.11859934177365315,0.014824917721706644
431200000,City of Lucena,431200000.0,400000000.0,,,,,902,29,42,77,75,120,48,229,20,11,48,172,6,22,3,,,,,,,,,,,,,,,
501601000,Basud,501600000.0,500000000.0,38176.0,41017.0,45133.0,43388.0,126,1,4,34,5,22,4,16,3,2,9,22,2,1,1,2.904028763713469,0.023047847331059277,0.09219138932423711,0.7836268092560155,0.1152392366552964,0.5070526412833042,0.09219138932423711,0.36876555729694843,0.06914354199317783,0.046095694662118554,0.20743062597953352,0.5070526412833042,0.046095694662118554,0.023047847331059277,0.023047847331059277
501602000,Capalonga,501600000.0,500000000.0,31299.0,32215.0,36223.0,32800.0,43,0,0,27,1,0,3,4,0,0,8,0,0,0,0,1.3109756097560976,0.0,0.0,0.823170731707317,0.03048780487804878,0.0,0.09146341463414634,0.12195121951219512,0.0,0.0,0.24390243902439024,0.0,0.0,0.0,0.0
501603000,Daet,501600000.0,500000000.0,95572.0,104799.0,111700.0,106465.0,438,30,21,39,26,69,23,44,7,4,37,122,0,15,1,4.114028084346968,0.281782745503217,0.19724792185225193,0.3663175691541821,0.24421171276945478,0.6481003146573991,0.21603343821913304,0.413281360071385,0.06574930728408397,0.03757103273376227,0.34753205278730104,1.1459164983797492,0.0,0.1408913727516085,0.009392758183440568
501604000,San Lorenzo Ruiz,501600000.0,500000000.0,12592.0,14063.0,15757.0,15072.0,22,0,0,13,0,0,1,4,0,0,2,0,0,2,0,1.4596602972399149,0.0,0.0,0.8625265392781316,0.0,0.0,0.06634819532908705,0.2653927813163482,0.0,0.0,0.1326963906581741,0.0,0.0,0.1326963906581741,0.0
501605000,Jose Panganiban,501600000.0,500000000.0,55557.0,59639.0,63662.0,60626.0,82,3,4,33,3,3,3,9,0,0,13,9,0,2,0,1.3525550094019068,0.04948371985616733,0.06597829314155643,0.5443209184178405,0.04948371985616733,0.04948371985616733,0.04948371985616733,0.14845115956850197,0.0,0.0,0.2144294527100584,0.14845115956850197,0.0,0.03298914657077821,0.0
501606000,Labo,501600000.0,500000000.0,92041.0,101082.0,109245.0,108319.0,158,1,8,61,8,7,10,15,0,1,17,27,0,3,0,1.458654529676234,0.00923199069415338,0.07385592555322704,0.5631514323433562,0.07385592555322704,0.06462393485907367,0.0923199069415338,0.1384798604123007,0.0,0.00923199069415338,0.15694384180060747,0.24926374874214127,0.0,0.027695972082460142,0.0
501607000,Mercedes,501600000.0,500000000.0,47674.0,50841.0,55334.0,53702.0,50,0,2,26,1,1,2,6,0,0,9,0,0,1,2,0.9310640199620126,0.0,0.037242560798480505,0.48415329038024657,0.018621280399240252,0.018621280399240252,0.037242560798480505,0.11172768239544151,0.0,0.0,0.16759152359316226,0.0,0.0,0.018621280399240252,0.037242560798480505
501608000,Paracale,501600000.0,500000000.0,53243.0,59149.0,60198.0,58391.0,73,2,3,28,2,8,3,7,0,0,4,10,0,2,4,1.2501926666780838,0.03425185388159135,0.05137778082238701,0.4795259543422788,0.03425185388159135,0.1370074155263654,0.05137778082238701,0.1198814885855697,0.0,0.0,0.0685037077631827,0.17125926940795672,0.0,0.03425185388159135,0.0685037077631827
501609000,San Vicente,501600000.0,500000000.0,10114.0,10396.0,12579.0,11774.0,29,0,1,9,1,0,1,6,0,0,7,1,0,3,0,2.4630541871921183,0.0,0.08493290300662476,0.7643961270596229,0.08493290300662476,0.0,0.08493290300662476,0.5095974180397487,0.0,0.0,0.5945303210463733,0.08493290300662476,0.0,0.25479870901987434,0.0
501610000,Santa Elena,501600000.0,500000000.0,40828.0,40786.0,43582.0,42585.0,52,0,7,27,0,6,2,7,0,0,0,0,0,1,2,1.2210872372901256,0.0,0.16437712809674768,0.6340260655160267,0.0,0.14089468122578375,0.04696489374192791,0.16437712809674768,0.0,0.0,0.0,0.0,0.0,0.023482446870963954,0.04696489374192791
501611000,Talisay,501600000.0,500000000.0,23904.0,25841.0,27244.0,26371.0,50,2,2,15,1,3,2,10,0,0,8,5,0,0,2,1.8960221455386599,0.0758408858215464,0.0758408858215464,0.5688066436615979,0.0379204429107732,0.11376132873231959,0.0758408858215464,0.379204429107732,0.0,0.0,0.3033635432861856,0.189602214553866,0.0,0.0,0.0758408858215464
501612000,Vinzons,501600000.0,500000000.0,41915.0,43485.0,49042.0,45173.0,96,1,4,25,2,8,2,20,0,0,11,12,0,3,8,2.1251632612401212,0.022137117304584595,0.08854846921833838,0.5534279326146149,0.04427423460916919,0.17709693843667676,0.04427423460916919,0.44274234609169194,0.0,0.0,0.24350829035043056,0.26564540765501515,0.0,0.06641135191375379,0.17709693843667676
501704000,Bombon,501700000.0,500000000.0,15437.0,16512.0,17995.0,17346.0,1,0,0,1,0,0,0,0,0,0,0,0,0,0,0,0.05765017871555402,0.0,0.0,0.05765017871555402,0.0,0.0,0.0,0.0,0.0,0.0,0.0,0.0,0.0,0.0,0.0
501707000,Cabusao,501700000.0,500000000.0,18049.0,18397.0,19257.0,18882.0,24,0,0,11,0,0,0,8,0,0,4,0,0,1,0,1.271051795360661,0.0,0.0,0.5825654062069696,0.0,0.0,0.0,0.42368393178688696,0.0,0.0,0.21184196589344348,0.0,0.0,0.05296049147336087,0.0
501708000,Calabanga,501700000.0,500000000.0,78119.0,83033.0,88906.0,88918.0,73,0,6,39,3,2,2,12,0,1,3,4,0,1,0,0.8209811286803572,0.0,0.0674779009874266,0.438606356418273,0.0337389504937133,0.02249263366247554,0.02249263366247554,0.1349558019748532,0.0,0.01124631683123777,0.0337389504937133,0.04498526732495108,0.0,0.01124631683123777,0.0
501711000,Caramoan,501700000.0,500000000.0,44945.0,47605.0,51728.0,50433.0,145,23,2,63,3,8,2,18,0,0,5,6,0,5,10,2.875101619971051,0.4560506017885115,0.039656574068566215,1.2491820831598357,0.059484861102849326,0.15862629627426486,0.039656574068566215,0.356909166617096,0.0,0.0,0.09914143517141553,0.11896972220569865,0.0,0.09914143517141553,0.19828287034283107
501712000,Del Gallego,501700000.0,500000000.0,23064.0,25397.0,26403.0,26029.0,47,0,0,22,1,7,2,7,0,0,5,1,0,2,0,1.805678281916324,0.0,0.0,0.8452111106842368,0.03841868684928349,0.2689308079449844,0.07683737369856698,0.2689308079449844,0.0,0.0,0.19209343424641745,0.03841868684928349,0.0,0.07683737369856698,0.0
501714000,Garchitorena,501700000.0,500000000.0,25204.0,27010.0,29436.0,29408.0,45,0,0,29,0,0,1,8,0,0,3,1,0,3,0,1.530195865070729,0.0,0.0,0.986126224156692,0.0,0.0,0.03400435255712731,0.2720348204570185,0.0,0.0,0.10201305767138194,0.03400435255712731,0.0,0.10201305767138194,0.0
501715000,Goa,501700000.0,500000000.0,58503.0,63308.0,71368.0,71651.0,39,0,0,23,0,1,0,5,0,5,4,1,0,0,0,0.5443050341237387,0.0,0.0,0.32100040473964075,0.0,0.01395653933650612,0.0,0.06978269668253059,0.0,0.06978269668253059,0.05582615734602448,0.01395653933650612,0.0,0.0,0.0
501717000,Lagonoy,501700000.0,500000000.0,51814.0,55465.0,56714.0,57044.0,60,0,1,41,1,1,0,7,0,0,2,0,0,3,4,1.0518196479910245,0.0,0.017530327466517073,0.7187434261272,0.017530327466517073,0.017530327466517073,0.0,0.12271229226561953,0.0,0.0,0.03506065493303415,0.0,0.0,0.05259098239955123,0.0701213098660683
501718000,Libmanan,501700000.0,500000000.0,100002.0,108716.0,112994.0,113254.0,25,0,0,23,0,0,0,0,0,0,0,1,0,1,0,0.2207427552227736,0.0,0.0,0.2030833348049517,0.0,0.0,0.0,0.0,0.0,0.0,0.0,0.008829710208910943,0.0,0.008829710208910943,0.0
501719000,Lupi,501700000.0,500000000.0,30118.0,32167.0,33897.0,33474.0,46,0,1,38,0,1,0,5,0,0,1,0,0,0,0,1.3742008723188146,0.0,0.029873932006930753,1.1352094162633686,0.0,0.029873932006930753,0.0,0.14936966003465374,0.0,0.0,0.029873932006930753,0.0,0.0,0.0,0.0
501729000,Presentacion,501700000.0,500000000.0,20023.0,20996.0,22591.0,23323.0,21,1,0,17,0,0,0,3,0,0,0,0,0,0,0,0.900398748016979,0.04287613085795138,0.0,0.7288942245851735,0.0,0.0,0.0,0.12862839257385414,0.0,0.0,0.0,0.0,0.0,0.0,0.0
501730000,Ragay,501700000.0,500000000.0,54934.0,58214.0,59770.0,58843.0,82,1,10,41,4,7,4,6,0,0,3,4,0,2,0,1.3935387386774978,0.016994374861920705,0.16994374861920705,0.6967693693387489,0.06797749944768282,0.11896062403344493,0.06797749944768282,0.10196624917152422,0.0,0.0,0.05098312458576211,0.06797749944768282,0.0,0.03398874972384141,0.0
501733000,San Jose,501700000.0,500000000.0,38523.0,40623.0,43973.0,44688.0,26,1,0,14,0,0,0,8,0,0,0,0,0,2,1,0.5818116720372359,0.022377372001432153,0.0,0.3132832080200501,0.0,0.0,0.0,0.17901897601145722,0.0,0.0,0.0,0.0,0.0,0.044754744002864305,0.022377372001432153
501734000,Sipocot,501700000.0,500000000.0,64042.0,64855.0,68169.0,65286.0,126,1,8,54,10,9,6,16,1,0,8,10,0,3,0,1.9299696719051558,0.015317219618294886,0.12253775694635909,0.8271298593879239,0.1531721961829489,0.13785497656465398,0.09190331770976932,0.24507551389271817,0.015317219618294886,0.0,0.12253775694635909,0.1531721961829489,0.0,0.04595165885488466,0.0
501735000,Siruma,501700000.0,500000000.0,17050.0,17764.0,19419.0,19168.0,34,1,0,21,0,0,0,7,0,0,1,0,0,3,1,1.7737896494156928,0.052170283806343906,0.0,1.095575959933222,0.0,0.0,0.0,0.36519198664440733,0.0,0.0,0.052170283806343906,0.0,0.0,0.1565108514190317,0.052170283806343906
501737000,Tinambac,501700000.0,500000000.0,62435.0,67572.0,70176.0,69860.0,91,0,2,56,2,0,1,16,0,1,5,1,0,6,1,1.3026052104208417,0.0,0.0286286859433152,0.8016032064128257,0.0286286859433152,0.0,0.0143143429716576,0.2290294875465216,0.0,0.0143143429716576,0.071571714858288,0.0143143429716576,0.0,0.08588605782994561,0.0143143429716576
504111000,City of Masbate,504100000.0,500000000.0,85227.0,95389.0,104522.0,104011.0,1,0,0,0,0,0,0,1,0,0,0,0,0,0,0,0.009614367711107479,0.0,0.0,0.0,0.0,0.0,0.0,0.009614367711107479,0.0,0.0,0.0,0.0,0.0,0.0,0.0
601914000,City of Roxas,601900000.0,600000000.0,156197.0,167003.0,179292.0,185236.0,1,0,0,0,0,0,0,1,0,0,0,0,0,0,0,0.005398518646483406,0.0,0.0,0.0,0.0,0.0,0.0,0.005398518646483406,0.0,0.0,0.0,0.0,0.0,0.0,0.0
630200000,City of Bacolod,630200000.0,600000000.0,511820.0,561875.0,600783.0,624787.0,1,0,0,0,0,0,0,1,0,0,0,0,0,0,0,0.0016005454658947768,0.0,0.0,0.0,0.0,0.0,0.0,0.0016005454658947768,0.0,0.0,0.0,0.0,0.0,0.0,0.0
631000000,City of Iloilo,631000000.0,600000000.0,,,,,1,0,0,0,0,0,0,1,0,0,0,0,0,0,0,,,,,,,,,,,,,,,
907201000,City of Dapitan,907200000.0,900000000.0,77441.0,82418.0,85202.0,87699.0,1,0,0,0,0,0,0,1,0,0,0,0,0,0,0,0.011402638570565228,0.0,0.0,0.0,0.0,0.0,0.0,0.011402638570565228,0.0,0.0,0.0,0.0,0.0,0.0,0.0
