id,business_type,minimum_requirements,people_needed,core_skills,strategies,risks,min_capital,startup_cost,business_setup,experience_level,category,full_start_capital,micro_start_capital,required_resources,optional_resources,start_small_description,location_dependency,philippine_context,catalog_status,market_category
1,Advertising Agency,Office laptops clients,3-15 staff,Marketing creativity sales,Portfolio referrals branding,Client loss competition,75000.0,"₱75,000 - ₱120,000",Physical Store,Beginner,General,75000.0,18750.0,Office laptops clients,"Enhanced signage, digital accounting app, backup equipment","Begin with micro-equipment and pre-orders, then reinvest net cash flow.",MEDIUM,Viable micro-enterprise across urban and suburban Philippine communities.,active,
2,Affiliate Marketing,Laptop internet,Solo,SEO content marketing,Niche focus traffic building,Low conversions,5000.0,"₱5,000 - ₱15,000",Online / Home-Based,Beginner,General,5000.0,1250.0,Laptop internet,"Enhanced signage, digital accounting app, backup equipment","Begin with micro-equipment and pre-orders, then reinvest net cash flow.",MEDIUM,Viable micro-enterprise across urban and suburban Philippine communities.,location_independent,
3,Agri Equipment Rental,Machinery capital,2-6 staff,Maintenance scheduling,Local farmer tieups,Equipment damage,35000.0,"₱35,000 - ₱60,000",Physical Store,Intermediate,General,35000.0,8750.0,Machinery capital,"Enhanced signage, digital accounting app, backup equipment","Begin with micro-equipment and pre-orders, then reinvest net cash flow.",MEDIUM,Viable micro-enterprise across urban and suburban Philippine communities.,active,
4,App Development Studio,Laptops hosting,3-20 devs,Programming UX testing,Client apps SaaS pivot,Scope creep,75000.0,"₱75,000 - ₱120,000",Physical Store,Beginner,General,75000.0,18750.0,Laptops hosting,"Enhanced signage, digital accounting app, backup equipment","Begin with micro-equipment and pre-orders, then reinvest net cash flow.",MEDIUM,Viable micro-enterprise across urban and suburban Philippine communities.,active,
5,Artificial Jewellery Shop,Shop inventory,1-3 staff,Design pricing sales,Trendy collections,Low margins,15000.0,"₱15,000 - ₱30,000",Physical Store,Beginner,General,15000.0,3750.0,Shop inventory,"Enhanced signage, digital accounting app, backup equipment","Begin with micro-equipment and pre-orders, then reinvest net cash flow.",MEDIUM,Viable micro-enterprise across urban and suburban Philippine communities.,active,
6,Bakery,Kitchen license,3-10 staff,Baking inventory hygiene,Freshness local delivery,Food spoilage,75000.0,"₱75,000 - ₱120,000",Physical Store,Experienced,General,75000.0,18750.0,Kitchen license,"Enhanced signage, digital accounting app, backup equipment","Begin with micro-equipment and pre-orders, then reinvest net cash flow.",MEDIUM,Viable micro-enterprise across urban and suburban Philippine communities.,active,
7,Battery Recycling Unit,Land license,5-20 workers,Process safety compliance,Corporate contracts,Environmental fines,150000.0,"₱150,000 - ₱250,000+",Physical Store / Commercial,Experienced,General,150000.0,37500.0,Land license,"Enhanced signage, digital accounting app, backup equipment","Begin with micro-equipment and pre-orders, then reinvest net cash flow.",MEDIUM,Viable micro-enterprise across urban and suburban Philippine communities.,active,
8,Bicycle Rental,Bicycles GPS,1-4 staff,Maintenance customer handling,Tourist locations,Damage theft,15000.0,"₱15,000 - ₱30,000",Home-Based,Beginner,General,15000.0,3750.0,Bicycles GPS,"Enhanced signage, digital accounting app, backup equipment","Begin with micro-equipment and pre-orders, then reinvest net cash flow.",MEDIUM,Viable micro-enterprise across urban and suburban Philippine communities.,active,
9,Blog Website,Laptop internet,Solo,Writing SEO consistency,Content authority,Low traffic,5000.0,"₱5,000 - ₱15,000",Online / Home-Based,Beginner,General,5000.0,1250.0,Laptop internet,"Enhanced signage, digital accounting app, backup equipment","Begin with micro-equipment and pre-orders, then reinvest net cash flow.",MEDIUM,Viable micro-enterprise across urban and suburban Philippine communities.,location_independent,
10,Bookstore,Shop inventory,2-5 staff,Stock management reading culture,Events community,Rent cost,35000.0,"₱35,000 - ₱60,000",Physical Store,Beginner,General,35000.0,8750.0,Shop inventory,"Enhanced signage, digital accounting app, backup equipment","Begin with micro-equipment and pre-orders, then reinvest net cash flow.",MEDIUM,Viable micro-enterprise across urban and suburban Philippine communities.,active,
11,Business Consultancy,Expertise brand,1-10 consultants,Problem solving documentation,Value pricing referrals,Client dependency,35000.0,"₱35,000 - ₱60,000",Physical Store,Beginner,General,35000.0,8750.0,Expertise brand,"Enhanced signage, digital accounting app, backup equipment","Begin with micro-equipment and pre-orders, then reinvest net cash flow.",MEDIUM,Viable micro-enterprise across urban and suburban Philippine communities.,active,
12,Cab Aggregator,Fleet app capital,5-50 staff,Logistics tech ops,Driver incentives,Regulatory issues,150000.0,"₱150,000 - ₱250,000+",Physical Store / Commercial,Beginner,General,150000.0,37500.0,Fleet app capital,"Enhanced signage, digital accounting app, backup equipment","Begin with micro-equipment and pre-orders, then reinvest net cash flow.",MEDIUM,Viable micro-enterprise across urban and suburban Philippine communities.,deprioritized,
13,Catering Service,Kitchen equipment,5-25 staff,Food planning logistics,Bulk orders quality,Food safety risk,150000.0,"₱150,000 - ₱250,000+",Physical Store,Beginner,General,150000.0,37500.0,Kitchen equipment,"Enhanced signage, digital accounting app, backup equipment","Begin with micro-equipment and pre-orders, then reinvest net cash flow.",MEDIUM,Viable micro-enterprise across urban and suburban Philippine communities.,localized,
14,Cloud Kitchen,Kitchen delivery apps,5-20 staff,Menu costing packaging,Aggregator optimization,Commission costs,150000.0,"₱150,000 - ₱250,000+",Physical Store,Beginner,General,150000.0,37500.0,Kitchen delivery apps,"Enhanced signage, digital accounting app, backup equipment","Begin with micro-equipment and pre-orders, then reinvest net cash flow.",MEDIUM,Viable micro-enterprise across urban and suburban Philippine communities.,active,
15,Coaching Institute,Classrooms faculty,2-15 teachers,Teaching curriculum marketing,Results branding,Competition,75000.0,"₱75,000 - ₱120,000",Physical Store,Beginner,General,75000.0,18750.0,Classrooms faculty,"Enhanced signage, digital accounting app, backup equipment","Begin with micro-equipment and pre-orders, then reinvest net cash flow.",MEDIUM,Viable micro-enterprise across urban and suburban Philippine communities.,active,
16,Cold Storage,Land power backup,5-20 staff,Inventory temperature control,Farm tieups,High electricity,150000.0,"₱150,000 - ₱250,000+",Physical Store / Commercial,Beginner,General,150000.0,37500.0,Land power backup,"Enhanced signage, digital accounting app, backup equipment","Begin with micro-equipment and pre-orders, then reinvest net cash flow.",MEDIUM,Viable micro-enterprise across urban and suburban Philippine communities.,active,
17,Computer Training Center,PC lab faculty,2-10 trainers,Teaching sales syllabus,Certification tieups,Low enrollments,35000.0,"₱35,000 - ₱60,000",Online / Home-Based,Beginner,General,35000.0,8750.0,PC lab faculty,"Enhanced signage, digital accounting app, backup equipment","Begin with micro-equipment and pre-orders, then reinvest net cash flow.",MEDIUM,Viable micro-enterprise across urban and suburban Philippine communities.,active,
18,Construction Contracting,Licenses machinery,10-200 workers,Project management estimation,Networking timely delivery,Payment delays,150000.0,"₱150,000 - ₱250,000+",Physical Store / Commercial,Intermediate,General,150000.0,37500.0,Licenses machinery,"Enhanced signage, digital accounting app, backup equipment","Begin with micro-equipment and pre-orders, then reinvest net cash flow.",MEDIUM,Viable micro-enterprise across urban and suburban Philippine communities.,active,
19,Content Creation Agency,Cameras editing setup,2-10 creators,Storytelling editing,Brand deals,Algorithm dependency,35000.0,"₱35,000 - ₱60,000",Physical Store,Beginner,General,35000.0,8750.0,Cameras editing setup,"Enhanced signage, digital accounting app, backup equipment","Begin with micro-equipment and pre-orders, then reinvest net cash flow.",MEDIUM,Viable micro-enterprise across urban and suburban Philippine communities.,active,
20,Courier Franchise,Office bikes staff,5-20 staff,Logistics tracking customer care,Local coverage,Service complaints,150000.0,"₱150,000 - ₱250,000+",Physical Store / Commercial,Beginner,General,150000.0,37500.0,Office bikes staff,"Enhanced signage, digital accounting app, backup equipment","Begin with micro-equipment and pre-orders, then reinvest net cash flow.",MEDIUM,Viable micro-enterprise across urban and suburban Philippine communities.,active,
21,Dairy Farm,Land cattle sheds,3-15 workers,Animal care feed planning,Direct milk sales,Disease risk,75000.0,"₱75,000 - ₱120,000",Physical Store,Beginner,General,75000.0,18750.0,Land cattle sheds,"Enhanced signage, digital accounting app, backup equipment","Begin with micro-equipment and pre-orders, then reinvest net cash flow.",MEDIUM,Viable micro-enterprise across urban and suburban Philippine communities.,active,
22,Day Care Center,Safe space license,3-10 staff,Child care hygiene,Trust building,Legal compliance,75000.0,"₱75,000 - ₱120,000",Physical Store,Experienced,General,75000.0,18750.0,Safe space license,"Enhanced signage, digital accounting app, backup equipment","Begin with micro-equipment and pre-orders, then reinvest net cash flow.",MEDIUM,Viable micro-enterprise across urban and suburban Philippine communities.,active,
23,Digital Marketing Agency,Laptops tools,3-20 staff,Ads SEO analytics,Retainers performance,Client churn,75000.0,"₱75,000 - ₱120,000",Physical Store,Beginner,General,75000.0,18750.0,Laptops tools,"Enhanced signage, digital accounting app, backup equipment","Begin with micro-equipment and pre-orders, then reinvest net cash flow.",MEDIUM,Viable micro-enterprise across urban and suburban Philippine communities.,active,
24,Driving School,Cars license,2-10 instructors,Teaching road safety,High pass rate,Vehicle damage,35000.0,"₱35,000 - ₱60,000",Physical Store,Experienced,General,35000.0,8750.0,Cars license,"Enhanced signage, digital accounting app, backup equipment","Begin with micro-equipment and pre-orders, then reinvest net cash flow.",MEDIUM,Viable micro-enterprise across urban and suburban Philippine communities.,active,
25,Drone Services,Drones license,Solo-5 operators,Piloting data analysis,Survey filming,Regulations,5000.0,"₱5,000 - ₱15,000",Online / Home-Based,Experienced,General,5000.0,1250.0,Drones license,"Enhanced signage, digital accounting app, backup equipment","Begin with micro-equipment and pre-orders, then reinvest net cash flow.",MEDIUM,Viable micro-enterprise across urban and suburban Philippine communities.,active,
26,E-Commerce Store,Website inventory,2-10 staff,Product sourcing ads,Fast delivery,Returns,35000.0,"₱35,000 - ₱60,000",Physical Store,Beginner,General,35000.0,8750.0,Website inventory,"Enhanced signage, digital accounting app, backup equipment","Begin with micro-equipment and pre-orders, then reinvest net cash flow.",MEDIUM,Viable micro-enterprise across urban and suburban Philippine communities.,active,
27,Electrical Contracting,Tools license,3-20 electricians,Wiring safety estimation,Bulk projects,Accidents,75000.0,"₱75,000 - ₱120,000",Physical Store,Experienced,General,75000.0,18750.0,Tools license,"Enhanced signage, digital accounting app, backup equipment","Begin with micro-equipment and pre-orders, then reinvest net cash flow.",MEDIUM,Viable micro-enterprise across urban and suburban Philippine communities.,active,
28,Event Management,Vendor network,3-20 staff,Planning negotiation,Corporate events,Cash flow,75000.0,"₱75,000 - ₱120,000",Physical Store,Beginner,General,75000.0,18750.0,Vendor network,"Enhanced signage, digital accounting app, backup equipment","Begin with micro-equipment and pre-orders, then reinvest net cash flow.",MEDIUM,Viable micro-enterprise across urban and suburban Philippine communities.,active,
29,Export Import Business,Capital licenses,2-10 staff,Documentation compliance,Global buyers,Forex risk,35000.0,"₱35,000 - ₱60,000",Physical Store,Beginner,General,35000.0,8750.0,Capital licenses,"Enhanced signage, digital accounting app, backup equipment","Begin with micro-equipment and pre-orders, then reinvest net cash flow.",MEDIUM,Viable micro-enterprise across urban and suburban Philippine communities.,active,
30,Fabrication Unit,Land machinery,5-50 workers,Welding production QA,Bulk orders,Raw material price,150000.0,"₱150,000 - ₱250,000+",Physical Store / Commercial,Intermediate,General,150000.0,37500.0,Land machinery,"Enhanced signage, digital accounting app, backup equipment","Begin with micro-equipment and pre-orders, then reinvest net cash flow.",MEDIUM,Viable micro-enterprise across urban and suburban Philippine communities.,active,
31,Fashion Boutique,Shop inventory,2-6 staff,Styling sales,Unique designs,Trends change,35000.0,"₱35,000 - ₱60,000",Physical Store,Beginner,General,35000.0,8750.0,Shop inventory,"Enhanced signage, digital accounting app, backup equipment","Begin with micro-equipment and pre-orders, then reinvest net cash flow.",MEDIUM,Viable micro-enterprise across urban and suburban Philippine communities.,active,
32,Fitness Gym,Space equipment,3-10 trainers,Training sales retention,Membership plans,Injuries,75000.0,"₱75,000 - ₱120,000",Physical Store,Beginner,General,75000.0,18750.0,Space equipment,"Enhanced signage, digital accounting app, backup equipment","Begin with micro-equipment and pre-orders, then reinvest net cash flow.",MEDIUM,Viable micro-enterprise across urban and suburban Philippine communities.,active,
33,Food Truck,Vehicle permits,2-6 staff,Cooking fast service,Busy locations,Weather issues,35000.0,"₱35,000 - ₱60,000",Service / Mobile,Intermediate,General,35000.0,8750.0,Vehicle permits,"Enhanced signage, digital accounting app, backup equipment","Begin with micro-equipment and pre-orders, then reinvest net cash flow.",MEDIUM,Viable micro-enterprise across urban and suburban Philippine communities.,localized,
34,Freelancing,Laptop internet,Solo,Client communication delivery,Repeat clients,Payment delay,5000.0,"₱5,000 - ₱15,000",Online / Home-Based,Beginner,General,5000.0,1250.0,Laptop internet,"Enhanced signage, digital accounting app, backup equipment","Begin with micro-equipment and pre-orders, then reinvest net cash flow.",MEDIUM,Viable micro-enterprise across urban and suburban Philippine communities.,location_independent,
35,Franchise Business,Capital agreement,5-30 staff,Operations SOP,Location choice,High fees,150000.0,"₱150,000 - ₱250,000+",Physical Store / Commercial,Beginner,General,150000.0,37500.0,Capital agreement,"Enhanced signage, digital accounting app, backup equipment","Begin with micro-equipment and pre-orders, then reinvest net cash flow.",MEDIUM,Viable micro-enterprise across urban and suburban Philippine communities.,active,
36,Fruit Juice Center,Small shop tools,2-5 staff,Hygiene fast service,Fresh ingredients,Seasonal sales,35000.0,"₱35,000 - ₱60,000",Physical Store,Beginner,General,35000.0,8750.0,Small shop tools,"Enhanced signage, digital accounting app, backup equipment","Begin with micro-equipment and pre-orders, then reinvest net cash flow.",MEDIUM,Viable micro-enterprise across urban and suburban Philippine communities.,active,
37,Garment Manufacturing,Factory machines,10-100 workers,Production QC,Bulk buyers,Labour issues,150000.0,"₱150,000 - ₱250,000+",Physical Store / Commercial,Experienced,General,150000.0,37500.0,Factory machines,"Enhanced signage, digital accounting app, backup equipment","Begin with micro-equipment and pre-orders, then reinvest net cash flow.",MEDIUM,Viable micro-enterprise across urban and suburban Philippine communities.,active,
38,Grocery Store,Shop stock POS,2-6 staff,Inventory pricing,Local loyalty,Thin margins,35000.0,"₱35,000 - ₱60,000",Physical Store,Beginner,General,35000.0,8750.0,Shop stock POS,"Enhanced signage, digital accounting app, backup equipment","Begin with micro-equipment and pre-orders, then reinvest net cash flow.",MEDIUM,Viable micro-enterprise across urban and suburban Philippine communities.,active,
39,Handicrafts Business,Workshop online store,2-15 artisans,Design sourcing,Export platforms,Low scale,75000.0,"₱75,000 - ₱120,000",Physical Store,Intermediate,General,75000.0,18750.0,Workshop online store,"Enhanced signage, digital accounting app, backup equipment","Begin with micro-equipment and pre-orders, then reinvest net cash flow.",MEDIUM,Viable micro-enterprise across urban and suburban Philippine communities.,active,
40,Hardware Store,Shop inventory,2-5 staff,Product knowledge,Contractor tieups,Capital lock,35000.0,"₱35,000 - ₱60,000",Physical Store,Beginner,General,35000.0,8750.0,Shop inventory,"Enhanced signage, digital accounting app, backup equipment","Begin with micro-equipment and pre-orders, then reinvest net cash flow.",MEDIUM,Viable micro-enterprise across urban and suburban Philippine communities.,active,
41,Home Interior Services,Design tools vendors,2-10 staff,Design execution,Referrals,Delays,35000.0,"₱35,000 - ₱60,000",Physical Store,Beginner,General,35000.0,8750.0,Design tools vendors,"Enhanced signage, digital accounting app, backup equipment","Begin with micro-equipment and pre-orders, then reinvest net cash flow.",MEDIUM,Viable micro-enterprise across urban and suburban Philippine communities.,active,
42,Hostel / PG,Rented building staff,2-6 caretakers,Facility management,Student locations,Vacancy,35000.0,"₱35,000 - ₱60,000",Physical Store,Beginner,General,35000.0,8750.0,Rented building staff,"Enhanced signage, digital accounting app, backup equipment","Begin with micro-equipment and pre-orders, then reinvest net cash flow.",MEDIUM,Viable micro-enterprise across urban and suburban Philippine communities.,active,
43,IT Services Company,Laptops tools,5-50 staff,Tech support delivery,AMC contracts,Client loss,150000.0,"₱150,000 - ₱250,000+",Physical Store / Commercial,Beginner,General,150000.0,37500.0,Laptops tools,"Enhanced signage, digital accounting app, backup equipment","Begin with micro-equipment and pre-orders, then reinvest net cash flow.",MEDIUM,Viable micro-enterprise across urban and suburban Philippine communities.,active,
44,Jewellery Manufacturing,Workshop gold license,5-30 workers,Design purity control,Brand trust,Price volatility,150000.0,"₱150,000 - ₱250,000+",Physical Store / Commercial,Experienced,General,150000.0,37500.0,Workshop gold license,"Enhanced signage, digital accounting app, backup equipment","Begin with micro-equipment and pre-orders, then reinvest net cash flow.",MEDIUM,Viable micro-enterprise across urban and suburban Philippine communities.,active,
45,Laundry Services,Machines delivery bikes,3-10 staff,Process hygiene,Subscription plans,Machine breakdown,75000.0,"₱75,000 - ₱120,000",Physical Store,Beginner,General,75000.0,18750.0,Machines delivery bikes,"Enhanced signage, digital accounting app, backup equipment","Begin with micro-equipment and pre-orders, then reinvest net cash flow.",MEDIUM,Viable micro-enterprise across urban and suburban Philippine communities.,localized,
46,Logistics Company,Vehicles software,5-50 staff,Route planning,Corporate contracts,Fuel cost,150000.0,"₱150,000 - ₱250,000+",Online / Home-Based,Beginner,General,150000.0,37500.0,Vehicles software,"Enhanced signage, digital accounting app, backup equipment","Begin with micro-equipment and pre-orders, then reinvest net cash flow.",MEDIUM,Viable micro-enterprise across urban and suburban Philippine communities.,active,
47,Manufacturing Unit,Factory machines,10-200 workers,Production planning,Scale efficiency,Compliance,150000.0,"₱150,000 - ₱250,000+",Physical Store / Commercial,Experienced,General,150000.0,37500.0,Factory machines,"Enhanced signage, digital accounting app, backup equipment","Begin with micro-equipment and pre-orders, then reinvest net cash flow.",MEDIUM,Viable micro-enterprise across urban and suburban Philippine communities.,active,
48,Medical Store,License inventory,2-4 staff,Medicine handling,Doctor tieups,Expiry loss,15000.0,"₱15,000 - ₱30,000",Home-Based,Experienced,General,15000.0,3750.0,License inventory,"Enhanced signage, digital accounting app, backup equipment","Begin with micro-equipment and pre-orders, then reinvest net cash flow.",MEDIUM,Viable micro-enterprise across urban and suburban Philippine communities.,active,
49,Mobile Repair Shop,Tools spare stock,1-3 staff,Diagnosis soldering,Fast service,Spare quality,15000.0,"₱15,000 - ₱30,000",Home-Based,Beginner,General,15000.0,3750.0,Tools spare stock,"Enhanced signage, digital accounting app, backup equipment","Begin with micro-equipment and pre-orders, then reinvest net cash flow.",MEDIUM,Viable micro-enterprise across urban and suburban Philippine communities.,active,
50,Online Course Platform,Camera LMS,Solo-10 team,Teaching marketing,Upselling courses,Low completion,5000.0,"₱5,000 - ₱15,000",Online / Home-Based,Beginner,General,5000.0,1250.0,Camera LMS,"Enhanced signage, digital accounting app, backup equipment","Begin with micro-equipment and pre-orders, then reinvest net cash flow.",MEDIUM,Viable micro-enterprise across urban and suburban Philippine communities.,location_independent,
51,Online Reselling,Mobile internet,Solo-2 staff,Product sourcing pricing,Multiple platforms,Returns,5000.0,"₱5,000 - ₱15,000",Service / Mobile,Beginner,General,5000.0,1250.0,Mobile internet,"Enhanced signage, digital accounting app, backup equipment","Begin with micro-equipment and pre-orders, then reinvest net cash flow.",MEDIUM,Viable micro-enterprise across urban and suburban Philippine communities.,localized,
52,Organic Farming,Land inputs,3-15 workers,Soil crop planning,Premium branding,Yield risk,75000.0,"₱75,000 - ₱120,000",Physical Store,Beginner,General,75000.0,18750.0,Land inputs,"Enhanced signage, digital accounting app, backup equipment","Begin with micro-equipment and pre-orders, then reinvest net cash flow.",MEDIUM,Viable micro-enterprise across urban and suburban Philippine communities.,active,
53,Packaged Food Brand,Kitchen license,5-30 staff,Recipe standardization,Retail tieups,Compliance,150000.0,"₱150,000 - ₱250,000+",Physical Store,Experienced,General,150000.0,37500.0,Kitchen license,"Enhanced signage, digital accounting app, backup equipment","Begin with micro-equipment and pre-orders, then reinvest net cash flow.",MEDIUM,Viable micro-enterprise across urban and suburban Philippine communities.,localized,
54,Pet Care Services,Space tools,2-8 staff,Animal handling,Memberships,Bites complaints,35000.0,"₱35,000 - ₱60,000",Physical Store,Beginner,General,35000.0,8750.0,Space tools,"Enhanced signage, digital accounting app, backup equipment","Begin with micro-equipment and pre-orders, then reinvest net cash flow.",MEDIUM,Viable micro-enterprise across urban and suburban Philippine communities.,active,
55,Photography Studio,Cameras editing PC,1-5 staff,Shooting editing,Portfolio marketing,Seasonal demand,15000.0,"₱15,000 - ₱30,000",Online / Home-Based,Beginner,General,15000.0,3750.0,Cameras editing PC,"Enhanced signage, digital accounting app, backup equipment","Begin with micro-equipment and pre-orders, then reinvest net cash flow.",MEDIUM,Viable micro-enterprise across urban and suburban Philippine communities.,active,
56,Printing Press,Machines orders,3-15 staff,Design printing QC,Bulk clients,Machine cost,75000.0,"₱75,000 - ₱120,000",Physical Store,Beginner,General,75000.0,18750.0,Machines orders,"Enhanced signage, digital accounting app, backup equipment","Begin with micro-equipment and pre-orders, then reinvest net cash flow.",MEDIUM,Viable micro-enterprise across urban and suburban Philippine communities.,active,
57,Real Estate Brokerage,Office network,Solo-10 agents,Negotiation marketing,Local builders,Market slowdown,5000.0,"₱5,000 - ₱15,000",Online / Home-Based,Beginner,General,5000.0,1250.0,Office network,"Enhanced signage, digital accounting app, backup equipment","Begin with micro-equipment and pre-orders, then reinvest net cash flow.",MEDIUM,Viable micro-enterprise across urban and suburban Philippine communities.,active,
58,Repair & Service Center,Tools shop space,1-5 technicians,Diagnosis customer trust,AMC contracts,Spare cost,15000.0,"₱15,000 - ₱30,000",Physical Store,Beginner,General,15000.0,3750.0,Tools shop space,"Enhanced signage, digital accounting app, backup equipment","Begin with micro-equipment and pre-orders, then reinvest net cash flow.",MEDIUM,Viable micro-enterprise across urban and suburban Philippine communities.,active,
59,Restaurant,Dining kitchen license,10-40 staff,Food service management,Branding reviews,High costs,150000.0,"₱150,000 - ₱250,000+",Physical Store,Experienced,General,150000.0,37500.0,Dining kitchen license,"Enhanced signage, digital accounting app, backup equipment","Begin with micro-equipment and pre-orders, then reinvest net cash flow.",MEDIUM,Viable micro-enterprise across urban and suburban Philippine communities.,localized,
60,Rice Mill,Land machinery,5-20 workers,Processing logistics,Bulk buyers,Power cost,150000.0,"₱150,000 - ₱250,000+",Physical Store / Commercial,Intermediate,General,150000.0,37500.0,Land machinery,"Enhanced signage, digital accounting app, backup equipment","Begin with micro-equipment and pre-orders, then reinvest net cash flow.",MEDIUM,Viable micro-enterprise across urban and suburban Philippine communities.,active,
61,SaaS / App Business,Laptop cloud infra,2-20 team,Product dev support,Subscription model,Churn,75000.0,"₱75,000 - ₱120,000",Online / Home-Based,Beginner,General,75000.0,18750.0,Laptop cloud infra,"Enhanced signage, digital accounting app, backup equipment","Begin with micro-equipment and pre-orders, then reinvest net cash flow.",MEDIUM,Viable micro-enterprise across urban and suburban Philippine communities.,location_independent,
62,Security Services,Guards license,20-200 guards,Training deployment,Corporate contracts,Attrition,150000.0,"₱150,000 - ₱250,000+",Physical Store / Commercial,Experienced,General,150000.0,37500.0,Guards license,"Enhanced signage, digital accounting app, backup equipment","Begin with micro-equipment and pre-orders, then reinvest net cash flow.",MEDIUM,Viable micro-enterprise across urban and suburban Philippine communities.,active,
63,Seed Distribution,Warehouse network,2-10 staff,Agri knowledge,Dealer network,Seasonality,35000.0,"₱35,000 - ₱60,000",Physical Store,Beginner,General,35000.0,8750.0,Warehouse network,"Enhanced signage, digital accounting app, backup equipment","Begin with micro-equipment and pre-orders, then reinvest net cash flow.",MEDIUM,Viable micro-enterprise across urban and suburban Philippine communities.,active,
64,Skill Training Institute,Classrooms trainers,2-15 staff,Curriculum placement,Certifications,Dropouts,75000.0,"₱75,000 - ₱120,000",Physical Store,Beginner,General,75000.0,18750.0,Classrooms trainers,"Enhanced signage, digital accounting app, backup equipment","Begin with micro-equipment and pre-orders, then reinvest net cash flow.",MEDIUM,Viable micro-enterprise across urban and suburban Philippine communities.,active,
65,Small Shop / Retail,Shop stock license,1-3 helpers,Customer handling pricing,Local trust,Low margins,15000.0,"₱15,000 - ₱30,000",Physical Store,Experienced,General,15000.0,3750.0,Shop stock license,"Enhanced signage, digital accounting app, backup equipment","Begin with micro-equipment and pre-orders, then reinvest net cash flow.",MEDIUM,Viable micro-enterprise across urban and suburban Philippine communities.,active,
66,Social Media Agency,Laptops tools,2-10 staff,Content analytics,Retainers,Algorithm shifts,35000.0,"₱35,000 - ₱60,000",Physical Store,Beginner,General,35000.0,8750.0,Laptops tools,"Enhanced signage, digital accounting app, backup equipment","Begin with micro-equipment and pre-orders, then reinvest net cash flow.",MEDIUM,Viable micro-enterprise across urban and suburban Philippine communities.,active,
67,Software Company,Laptops servers,5-100 staff,Development QA,Product focus,Competition,150000.0,"₱150,000 - ₱250,000+",Physical Store / Commercial,Beginner,General,150000.0,37500.0,Laptops servers,"Enhanced signage, digital accounting app, backup equipment","Begin with micro-equipment and pre-orders, then reinvest net cash flow.",MEDIUM,Viable micro-enterprise across urban and suburban Philippine communities.,active,
68,Startup,Idea capital cofounders,5-50 team,Leadership innovation,Market validation,Failure risk,150000.0,"₱150,000 - ₱250,000+",Physical Store / Commercial,Beginner,General,150000.0,37500.0,Idea capital cofounders,"Enhanced signage, digital accounting app, backup equipment","Begin with micro-equipment and pre-orders, then reinvest net cash flow.",MEDIUM,Viable micro-enterprise across urban and suburban Philippine communities.,active,
69,Stock Trading Firm,Capital terminals,1-10 analysts,Risk management strategy,Disciplined trading,Market crash,35000.0,"₱35,000 - ₱60,000",Physical Store,Beginner,General,35000.0,8750.0,Capital terminals,"Enhanced signage, digital accounting app, backup equipment","Begin with micro-equipment and pre-orders, then reinvest net cash flow.",MEDIUM,Viable micro-enterprise across urban and suburban Philippine communities.,deprioritized,
70,Storage Warehouse,Land racks,3-15 staff,Inventory safety,Bulk contracts,Vacancy,75000.0,"₱75,000 - ₱120,000",Physical Store,Beginner,General,75000.0,18750.0,Land racks,"Enhanced signage, digital accounting app, backup equipment","Begin with micro-equipment and pre-orders, then reinvest net cash flow.",MEDIUM,Viable micro-enterprise across urban and suburban Philippine communities.,active,
71,Street Food Stall,Cart license,1-3 staff,Cooking speed hygiene,Busy areas,Weather risk,15000.0,"₱15,000 - ₱30,000",Home-Based,Experienced,General,15000.0,3750.0,Cart license,"Enhanced signage, digital accounting app, backup equipment","Begin with micro-equipment and pre-orders, then reinvest net cash flow.",MEDIUM,Viable micro-enterprise across urban and suburban Philippine communities.,localized,
72,Supply Chain Consultancy,Expertise network,1-5 consultants,Process optimization,High value clients,Limited market,15000.0,"₱15,000 - ₱30,000",Home-Based,Beginner,General,15000.0,3750.0,Expertise network,"Enhanced signage, digital accounting app, backup equipment","Begin with micro-equipment and pre-orders, then reinvest net cash flow.",MEDIUM,Viable micro-enterprise across urban and suburban Philippine communities.,active,
73,Telecom Franchise,Office staff,5-15 staff,Customer onboarding,Service quality,Policy changes,75000.0,"₱75,000 - ₱120,000",Physical Store,Beginner,General,75000.0,18750.0,Office staff,"Enhanced signage, digital accounting app, backup equipment","Begin with micro-equipment and pre-orders, then reinvest net cash flow.",MEDIUM,Viable micro-enterprise across urban and suburban Philippine communities.,active,
74,Textile Trading,Warehouse buyers,2-10 staff,Market trends sourcing,Wholesale margins,Inventory risk,35000.0,"₱35,000 - ₱60,000",Physical Store,Beginner,General,35000.0,8750.0,Warehouse buyers,"Enhanced signage, digital accounting app, backup equipment","Begin with micro-equipment and pre-orders, then reinvest net cash flow.",MEDIUM,Viable micro-enterprise across urban and suburban Philippine communities.,active,
75,Trading / Investment,Capital discipline,Solo,Risk control analysis,Compounding strategy,Emotional losses,5000.0,"₱5,000 - ₱15,000",Online / Home-Based,Beginner,General,5000.0,1250.0,Capital discipline,"Enhanced signage, digital accounting app, backup equipment","Begin with micro-equipment and pre-orders, then reinvest net cash flow.",MEDIUM,Viable micro-enterprise across urban and suburban Philippine communities.,active,
76,Transport Business,Trucks permits,5-50 drivers,Route cost planning,Corporate tieups,Fuel prices,150000.0,"₱150,000 - ₱250,000+",Physical Store / Commercial,Intermediate,General,150000.0,37500.0,Trucks permits,"Enhanced signage, digital accounting app, backup equipment","Begin with micro-equipment and pre-orders, then reinvest net cash flow.",MEDIUM,Viable micro-enterprise across urban and suburban Philippine communities.,active,
77,Travel Agency,Office systems,2-8 staff,Booking planning,Holiday packages,Seasonal demand,35000.0,"₱35,000 - ₱60,000",Physical Store,Beginner,General,35000.0,8750.0,Office systems,"Enhanced signage, digital accounting app, backup equipment","Begin with micro-equipment and pre-orders, then reinvest net cash flow.",MEDIUM,Viable micro-enterprise across urban and suburban Philippine communities.,active,
78,Tuition Center,Rooms faculty,1-5 teachers,Teaching results,Parent trust,Competition,15000.0,"₱15,000 - ₱30,000",Home-Based,Beginner,General,15000.0,3750.0,Rooms faculty,"Enhanced signage, digital accounting app, backup equipment","Begin with micro-equipment and pre-orders, then reinvest net cash flow.",MEDIUM,Viable micro-enterprise across urban and suburban Philippine communities.,active,
79,Used Car Dealership,Yard capital,2-8 staff,Vehicle evaluation,Transparent pricing,Legal disputes,35000.0,"₱35,000 - ₱60,000",Physical Store,Beginner,General,35000.0,8750.0,Yard capital,"Enhanced signage, digital accounting app, backup equipment","Begin with micro-equipment and pre-orders, then reinvest net cash flow.",MEDIUM,Viable micro-enterprise across urban and suburban Philippine communities.,active,
80,Vehicle Rental,Cars bikes,2-6 staff,Maintenance booking,App tieups,Damage theft,35000.0,"₱35,000 - ₱60,000",Physical Store,Beginner,General,35000.0,8750.0,Cars bikes,"Enhanced signage, digital accounting app, backup equipment","Begin with micro-equipment and pre-orders, then reinvest net cash flow.",MEDIUM,Viable micro-enterprise across urban and suburban Philippine communities.,active,
81,Video Production House,Cameras editing suite,3-15 staff,Filming editing,Corporate clients,High equipment cost,75000.0,"₱75,000 - ₱120,000",Physical Store,Beginner,General,75000.0,18750.0,Cameras editing suite,"Enhanced signage, digital accounting app, backup equipment","Begin with micro-equipment and pre-orders, then reinvest net cash flow.",MEDIUM,Viable micro-enterprise across urban and suburban Philippine communities.,active,
82,Water Purifier Sales,Inventory installers,2-8 staff,Product demo service,AMC plans,Competition,35000.0,"₱35,000 - ₱60,000",Physical Store,Beginner,General,35000.0,8750.0,Inventory installers,"Enhanced signage, digital accounting app, backup equipment","Begin with micro-equipment and pre-orders, then reinvest net cash flow.",MEDIUM,Viable micro-enterprise across urban and suburban Philippine communities.,active,
83,Web Hosting Business,Servers support,Solo-5 staff,Infrastructure management,Recurring plans,Downtime,5000.0,"₱5,000 - ₱15,000",Online / Home-Based,Beginner,General,5000.0,1250.0,Servers support,"Enhanced signage, digital accounting app, backup equipment","Begin with micro-equipment and pre-orders, then reinvest net cash flow.",MEDIUM,Viable micro-enterprise across urban and suburban Philippine communities.,active,
84,Wedding Planning,Vendors network,2-10 staff,Event coordination,Premium branding,Client pressure,35000.0,"₱35,000 - ₱60,000",Physical Store,Beginner,General,35000.0,8750.0,Vendors network,"Enhanced signage, digital accounting app, backup equipment","Begin with micro-equipment and pre-orders, then reinvest net cash flow.",MEDIUM,Viable micro-enterprise across urban and suburban Philippine communities.,active,
85,Wholesale Distribution,Warehouse vehicles,3-15 staff,Supply management,Dealer relations,Credit risk,75000.0,"₱75,000 - ₱120,000",Physical Store,Beginner,General,75000.0,18750.0,Warehouse vehicles,"Enhanced signage, digital accounting app, backup equipment","Begin with micro-equipment and pre-orders, then reinvest net cash flow.",MEDIUM,Viable micro-enterprise across urban and suburban Philippine communities.,active,
86,Wood Furniture Unit,Workshop machines,5-30 workers,Carpentry finishing,Bulk orders,Raw wood cost,150000.0,"₱150,000 - ₱250,000+",Physical Store / Commercial,Intermediate,General,150000.0,37500.0,Workshop machines,"Enhanced signage, digital accounting app, backup equipment","Begin with micro-equipment and pre-orders, then reinvest net cash flow.",MEDIUM,Viable micro-enterprise across urban and suburban Philippine communities.,active,
87,YouTube / Content Creation,Mobile camera,Solo-3 team,Storytelling editing,Consistency niche,Income delay,5000.0,"₱5,000 - ₱15,000",Service / Mobile,Beginner,General,5000.0,1250.0,Mobile camera,"Enhanced signage, digital accounting app, backup equipment","Begin with micro-equipment and pre-orders, then reinvest net cash flow.",MEDIUM,Viable micro-enterprise across urban and suburban Philippine communities.,location_independent,
88,Agro Processing Unit,Factory license,5-30 workers,Processing storage,Value addition,Compliance,150000.0,"₱150,000 - ₱250,000+",Physical Store / Commercial,Experienced,General,150000.0,37500.0,Factory license,"Enhanced signage, digital accounting app, backup equipment","Begin with micro-equipment and pre-orders, then reinvest net cash flow.",MEDIUM,Viable micro-enterprise across urban and suburban Philippine communities.,active,
89,AI Services Company,Laptops cloud,3-20 staff,AI deployment consulting,Enterprise clients,Skill shortage,75000.0,"₱75,000 - ₱120,000",Physical Store,Beginner,General,75000.0,18750.0,Laptops cloud,"Enhanced signage, digital accounting app, backup equipment","Begin with micro-equipment and pre-orders, then reinvest net cash flow.",MEDIUM,Viable micro-enterprise across urban and suburban Philippine communities.,active,
90,Bio Fertilizer Unit,Land lab setup,3-15 staff,Chemical formulation,Farmer education,Adoption lag,75000.0,"₱75,000 - ₱120,000",Physical Store,Beginner,General,75000.0,18750.0,Land lab setup,"Enhanced signage, digital accounting app, backup equipment","Begin with micro-equipment and pre-orders, then reinvest net cash flow.",MEDIUM,Viable micro-enterprise across urban and suburban Philippine communities.,active,
91,Call Center,BPO infrastructure,20-200 agents,Communication CRM,Service contracts,Attrition,150000.0,"₱150,000 - ₱250,000+",Physical Store / Commercial,Beginner,General,150000.0,37500.0,BPO infrastructure,"Enhanced signage, digital accounting app, backup equipment","Begin with micro-equipment and pre-orders, then reinvest net cash flow.",MEDIUM,Viable micro-enterprise across urban and suburban Philippine communities.,deprioritized,
92,Digital Products Store,Laptop platform,Solo,Product creation marketing,Automation,Low visibility,5000.0,"₱5,000 - ₱15,000",Online / Home-Based,Beginner,General,5000.0,1250.0,Laptop platform,"Enhanced signage, digital accounting app, backup equipment","Begin with micro-equipment and pre-orders, then reinvest net cash flow.",MEDIUM,Viable micro-enterprise across urban and suburban Philippine communities.,location_independent,
93,Eco Friendly Products,Manufacturing sourcing,5-25 staff,Green materials branding,Awareness,Cost,150000.0,"₱150,000 - ₱250,000+",Physical Store / Commercial,Experienced,General,150000.0,37500.0,Manufacturing sourcing,"Enhanced signage, digital accounting app, backup equipment","Begin with micro-equipment and pre-orders, then reinvest net cash flow.",MEDIUM,Viable micro-enterprise across urban and suburban Philippine communities.,active,
94,Education Consultancy,Office counselors,2-10 staff,Guidance documentation,Trust reputation,Policy changes,35000.0,"₱35,000 - ₱60,000",Physical Store,Beginner,General,35000.0,8750.0,Office counselors,"Enhanced signage, digital accounting app, backup equipment","Begin with micro-equipment and pre-orders, then reinvest net cash flow.",MEDIUM,Viable micro-enterprise across urban and suburban Philippine communities.,active,
95,Export Handicrafts,Artisan network,3-15 staff,Quality control,International fairs,Logistics delays,75000.0,"₱75,000 - ₱120,000",Physical Store,Beginner,General,75000.0,18750.0,Artisan network,"Enhanced signage, digital accounting app, backup equipment","Begin with micro-equipment and pre-orders, then reinvest net cash flow.",MEDIUM,Viable micro-enterprise across urban and suburban Philippine communities.,active,
96,Financial Advisory,Certification trust,Solo-5 advisors,Planning compliance,Client referrals,Market trust,5000.0,"₱5,000 - ₱15,000",Online / Home-Based,Experienced,General,5000.0,1250.0,Certification trust,"Enhanced signage, digital accounting app, backup equipment","Begin with micro-equipment and pre-orders, then reinvest net cash flow.",MEDIUM,Viable micro-enterprise across urban and suburban Philippine communities.,active,
97,Franchise Food Outlet,Capital agreement,10-40 staff,SOP execution,Location traffic,High royalties,150000.0,"₱150,000 - ₱250,000+",Physical Store / Commercial,Beginner,General,150000.0,37500.0,Capital agreement,"Enhanced signage, digital accounting app, backup equipment","Begin with micro-equipment and pre-orders, then reinvest net cash flow.",MEDIUM,Viable micro-enterprise across urban and suburban Philippine communities.,localized,
98,Green Energy Installation,Tools certifications,3-15 technicians,Solar wind setup,Government subsidies,Policy risk,75000.0,"₱75,000 - ₱120,000",Physical Store,Beginner,General,75000.0,18750.0,Tools certifications,"Enhanced signage, digital accounting app, backup equipment","Begin with micro-equipment and pre-orders, then reinvest net cash flow.",MEDIUM,Viable micro-enterprise across urban and suburban Philippine communities.,active,
99,HR Consulting,Expertise tools,1-5 consultants,Hiring strategy,Corporate retainers,Client churn,15000.0,"₱15,000 - ₱30,000",Home-Based,Beginner,General,15000.0,3750.0,Expertise tools,"Enhanced signage, digital accounting app, backup equipment","Begin with micro-equipment and pre-orders, then reinvest net cash flow.",MEDIUM,Viable micro-enterprise across urban and suburban Philippine communities.,active,
100,Agriculture / Dairy / Poultry,Land sheds feed,2-20 workers,Farm management logistics,Diversification,Disease weather,75000.0,"₱75,000 - ₱120,000",Physical Store,Beginner,General,75000.0,18750.0,Land sheds feed,"Enhanced signage, digital accounting app, backup equipment","Begin with micro-equipment and pre-orders, then reinvest net cash flow.",MEDIUM,Viable micro-enterprise across urban and suburban Philippine communities.,active,
101,EV Charging Point,Parking area power setup,1-4 staff,Operations billing maintenance,Location partnerships subscription plans,Power downtime,15000.0,"₱15,000 - ₱30,000",Home-Based,Beginner,General,15000.0,3750.0,Parking area power setup,"Enhanced signage, digital accounting app, backup equipment","Begin with micro-equipment and pre-orders, then reinvest net cash flow.",MEDIUM,Viable micro-enterprise across urban and suburban Philippine communities.,active,
102,Home Cleaning Service,Basic equipment transport,3-12 staff,Service quality scheduling,App bookings repeat clients,Staff churn,75000.0,"₱75,000 - ₱120,000",Service / Mobile,Beginner,General,75000.0,18750.0,Basic equipment transport,"Enhanced signage, digital accounting app, backup equipment","Begin with micro-equipment and pre-orders, then reinvest net cash flow.",MEDIUM,Viable micro-enterprise across urban and suburban Philippine communities.,active,
103,Pet Grooming Studio,Small shop tools supplies,2-6 staff,Grooming hygiene customer handling,Membership packages social media,Injury liability,35000.0,"₱35,000 - ₱60,000",Physical Store,Beginner,General,35000.0,8750.0,Small shop tools supplies,"Enhanced signage, digital accounting app, backup equipment","Begin with micro-equipment and pre-orders, then reinvest net cash flow.",MEDIUM,Viable micro-enterprise across urban and suburban Philippine communities.,active,
104,Custom T-Shirt Printing,Printer blanks design software,2-7 staff,Design printing order management,Bulk college orders online store,Seasonal demand drops,35000.0,"₱35,000 - ₱60,000",Online / Home-Based,Beginner,General,35000.0,8750.0,Printer blanks design software,"Enhanced signage, digital accounting app, backup equipment","Begin with micro-equipment and pre-orders, then reinvest net cash flow.",MEDIUM,Viable micro-enterprise across urban and suburban Philippine communities.,active,
105,Drone Photography Services,Drones licenses editing tools,1-5 staff,Flying cinematography editing,Wedding and real estate packages,Regulatory violations,15000.0,"₱15,000 - ₱30,000",Home-Based,Beginner,General,15000.0,3750.0,Drones licenses editing tools,"Enhanced signage, digital accounting app, backup equipment","Begin with micro-equipment and pre-orders, then reinvest net cash flow.",MEDIUM,Viable micro-enterprise across urban and suburban Philippine communities.,active,
106,Organic Store,Retail space supplier network,2-8 staff,Sourcing merchandising billing,Local sourcing subscriptions,Inventory spoilage,35000.0,"₱35,000 - ₱60,000",Physical Store,Beginner,General,35000.0,8750.0,Retail space supplier network,"Enhanced signage, digital accounting app, backup equipment","Begin with micro-equipment and pre-orders, then reinvest net cash flow.",MEDIUM,Viable micro-enterprise across urban and suburban Philippine communities.,active,
107,3D Printing Lab,3D printers CAD software,2-6 staff,CAD prototyping machine operation,College and startup contracts,Machine breakdown,35000.0,"₱35,000 - ₱60,000",Online / Home-Based,Beginner,General,35000.0,8750.0,3D printers CAD software,"Enhanced signage, digital accounting app, backup equipment","Begin with micro-equipment and pre-orders, then reinvest net cash flow.",MEDIUM,Viable micro-enterprise across urban and suburban Philippine communities.,active,
108,Podcast Production Studio,Audio setup editing suite,1-4 staff,Audio editing scripting distribution,Niche content sponsorships,Audience growth slow,15000.0,"₱15,000 - ₱30,000",Home-Based,Beginner,General,15000.0,3750.0,Audio setup editing suite,"Enhanced signage, digital accounting app, backup equipment","Begin with micro-equipment and pre-orders, then reinvest net cash flow.",MEDIUM,Viable micro-enterprise across urban and suburban Philippine communities.,active,
109,Online Tutoring Platform,Laptop internet scheduling tools,2-20 tutors,Teaching communication operations,Target exam segments testimonials,High competition,75000.0,"₱75,000 - ₱120,000",Online / Home-Based,Beginner,General,75000.0,18750.0,Laptop internet scheduling tools,"Enhanced signage, digital accounting app, backup equipment","Begin with micro-equipment and pre-orders, then reinvest net cash flow.",MEDIUM,Viable micro-enterprise across urban and suburban Philippine communities.,active,
110,Mobile Car Wash,Water supply kits local permits,2-6 staff,Detailing customer service pricing,Subscription model locality focus,Weather dependency,35000.0,"₱35,000 - ₱60,000",Physical Store,Intermediate,General,35000.0,8750.0,Water supply kits local permits,"Enhanced signage, digital accounting app, backup equipment","Begin with micro-equipment and pre-orders, then reinvest net cash flow.",MEDIUM,Viable micro-enterprise across urban and suburban Philippine communities.,active,
111,Solar Panel Maintenance,Tools safety kit transport,2-5 staff,Electrical safety diagnostics,AMC contracts referral network,Safety incidents,35000.0,"₱35,000 - ₱60,000",Service / Mobile,Beginner,General,35000.0,8750.0,Tools safety kit transport,"Enhanced signage, digital accounting app, backup equipment","Begin with micro-equipment and pre-orders, then reinvest net cash flow.",MEDIUM,Viable micro-enterprise across urban and suburban Philippine communities.,active,
112,Event Decor Service,Inventory warehouse vendor tieups,3-15 staff,Design planning execution,Theme specialization vendor discounts,Last-minute cancellations,75000.0,"₱75,000 - ₱120,000",Physical Store,Beginner,General,75000.0,18750.0,Inventory warehouse vendor tieups,"Enhanced signage, digital accounting app, backup equipment","Begin with micro-equipment and pre-orders, then reinvest net cash flow.",MEDIUM,Viable micro-enterprise across urban and suburban Philippine communities.,active,
113,Meal Prep Subscription,Kitchen compliance packaging,3-12 staff,Nutrition planning logistics,Weekly plans corporate tieups,Delivery delays,75000.0,"₱75,000 - ₱120,000",Physical Store,Experienced,General,75000.0,18750.0,Kitchen compliance packaging,"Enhanced signage, digital accounting app, backup equipment","Begin with micro-equipment and pre-orders, then reinvest net cash flow.",MEDIUM,Viable micro-enterprise across urban and suburban Philippine communities.,active,
114,Language Training Center,Classroom online tools,2-10 staff,Teaching curriculum management,Exam-based batches,Low student retention,35000.0,"₱35,000 - ₱60,000",Online / Home-Based,Beginner,General,35000.0,8750.0,Classroom online tools,"Enhanced signage, digital accounting app, backup equipment","Begin with micro-equipment and pre-orders, then reinvest net cash flow.",MEDIUM,Viable micro-enterprise across urban and suburban Philippine communities.,active,
115,Mini Logistics Hub,Storage space transport vehicles,4-20 staff,Routing inventory tracking,SME delivery partnerships,Fuel price volatility,75000.0,"₱75,000 - ₱120,000",Physical Store,Beginner,General,75000.0,18750.0,Storage space transport vehicles,"Enhanced signage, digital accounting app, backup equipment","Begin with micro-equipment and pre-orders, then reinvest net cash flow.",MEDIUM,Viable micro-enterprise across urban and suburban Philippine communities.,active,
116,Second-Hand Electronics Store,Shop inventory testing tools,2-6 staff,Diagnostics sales negotiation,Warranty assurance refurbishment,Return fraud,35000.0,"₱35,000 - ₱60,000",Physical Store,Beginner,General,35000.0,8750.0,Shop inventory testing tools,"Enhanced signage, digital accounting app, backup equipment","Begin with micro-equipment and pre-orders, then reinvest net cash flow.",MEDIUM,Viable micro-enterprise across urban and suburban Philippine communities.,active,
117,Digital Signage Solutions,Displays installation team,2-8 staff,Hardware software integration,AMC + ad content plans,Hardware failures,35000.0,"₱35,000 - ₱60,000",Physical Store,Beginner,General,35000.0,8750.0,Displays installation team,"Enhanced signage, digital accounting app, backup equipment","Begin with micro-equipment and pre-orders, then reinvest net cash flow.",MEDIUM,Viable micro-enterprise across urban and suburban Philippine communities.,active,
118,Art Workshop Studio,Studio materials online promotion,1-5 staff,Creative teaching community building,Weekend workshops memberships,Irregular footfall,15000.0,"₱15,000 - ₱30,000",Online / Home-Based,Intermediate,General,15000.0,3750.0,Studio materials online promotion,"Enhanced signage, digital accounting app, backup equipment","Begin with micro-equipment and pre-orders, then reinvest net cash flow.",MEDIUM,Viable micro-enterprise across urban and suburban Philippine communities.,active,
119,Recruitment Boutique,Firm registration sourcing tools,2-12 staff,Sourcing interviewing client mgmt,Niche hiring specialization,Client payment delays,75000.0,"₱75,000 - ₱120,000",Physical Store,Beginner,General,75000.0,18750.0,Firm registration sourcing tools,"Enhanced signage, digital accounting app, backup equipment","Begin with micro-equipment and pre-orders, then reinvest net cash flow.",MEDIUM,Viable micro-enterprise across urban and suburban Philippine communities.,active,
120,Sari-sari Store,"Home window or storefront, basic wooden shelving, small display jar containers",1 person,"sales, customer service, basic bookkeeping, inventory","Focus on fast-moving FMCG goods (coffee sachets, noodles, cooking oil, canned goods, mobile load). Maintain strict cash discipline.","Uncollected neighborhood credit ('pautang'), stock pilferage, high local competition.",5000.0,"₱3,000 - ₱35,000",Home-Based,Beginner,Retail,35000.0,3000.0,"Home window or counter, wooden shelving, basic stock containers","Mini glass display, digital POS / load wallet terminal","Start with ₱3,000 using your front window to stock 10 fast-moving pantry essentials and telco load.",HIGH,The primary neighborhood consumer touchpoint in the Philippines with high daily foot traffic.,active,Retail
121,Home-Based Packed Meals / Ulam Service,"Home kitchen, standard pots and pans, reusable or biodegradable meal containers",1 person,"cooking, food costing, social media, packaging","Operate strictly on a pre-order basis for local office workers, clinic staff, and teachers to eliminate food waste.","Perishable ingredients price volatility, last-minute order cancellations.",3000.0,"₱2,000 - ₱25,000",Home / Online,Beginner,Food,25000.0,2000.0,"Existing home stove, cookware, food-grade takeout containers","Thermal delivery bag, custom logo stickers",Cook 8-10 pre-ordered lunch portions daily using existing kitchen tools.,HIGH,High recurring lunchtime demand across commercial hubs and school faculties.,active,Food
122,Motorcycle Wash & Detailing,"Pressure sprayer nozzle, automotive shampoo, microfiber cloths, reliable water line",1 person,"cleaning, customer service, vehicle detailing",Offer weekend driveway washes inside subdivisions or partner with neighborhood tricycle operator groups.,"Water supply interruptions, rainy season slowdowns.",3500.0,"₱2,500 - ₱30,000",Service / Mobile,Beginner,Automotive,30000.0,2500.0,"Pressure sprayer nozzle, car shampoo, microfiber cloths, sponge, bucket","Electric high-pressure washer, tire shine polish",Operate as a weekend driveway service for neighborhood motorbikes and delivery riders.,HIGH,CALABARZON hosts dense commuter motorcycle and delivery rider populations.,active,Automotive
123,Kakanin & Native Delicacies,"Steamer, large mixing bowls, banana leaves, bilao trays",1 person,"baking, cooking, packaging, presentation","Supply bilao orders for church gatherings, barangay events, and family celebrations.","Short shelf life, coconut milk spoilage in warm weather.",2000.0,"₱1,500 - ₱15,000",Home-Based,Beginner,Food,15000.0,1500.0,"Multi-layer steamer, mixing bowls, banana leaves, bilao trays","Sealing machine, branded ribbon ties","Start with small batches of puto, kutsinta, or biko for weekend advance orders.",HIGH,Traditional celebration delicacy with steady weekend and holiday demand.,active,Food
124,Printing & Photocopy Services,"Continuous ink tank printer, ream of bond paper, desktop computer or laptop",1 person,"computer literacy, printing, document formatting","Locate near schools, barangay halls, or terminals to serve student modules and government document printing.","Ink head clogging, paper jams, high electricity costs.",6000.0,"₱4,500 - ₱40,000",Home / Store,Beginner,Technology,40000.0,4500.0,"Continuous ink tank printer, ream of bond paper, desktop computer or laptop","Laminator, heavy-duty stapler, paper cutter",Set up a desktop ink-tank printer at home offering student document prints and ID copies.,HIGH,"High recurring necessity for barangay clearances, school modules, and government forms.",active,Technology
125,Ukay-ukay / Preloved Clothing,"Steam iron, clothing rack, clear lighting for social media posts",1 person,"sales, fashion curation, social media, photography","Wash, steam, and curate vintage or branded pieces to sell via Facebook Live or weekend community pop-ups.","Unpredictable bale quality, dead stock.",4000.0,"₱2,500 - ₱35,000",Online / Home,Beginner,Retail,35000.0,2500.0,"Garment steamer/iron, hanger rack, smartphone for photos","Mannequin torso, ring light",Purchase small curated thrift lots (20-30 pieces) before investing in a full bale.,MEDIUM,Popular budget-friendly fashion culture across all demographics.,active,Retail
126,Seedling Nursery & Plant Care,"Potting soil, seedling trays, sunny yard or balcony space",1 person,"gardening, propagation, plant care, customer service","Propagate culinary herbs (basil, rosemary) and easy-care indoor plants for suburban homeowners.","Plant pest infestations, adverse weather/typhoons.",3000.0,"₱2,000 - ₱25,000",Home-Based,Beginner,Skilled Trades,25000.0,2000.0,"Potting mix, seed starter trays, watering nozzle, small garden trowel","Greenhouse shade netting, organic fertilizer stock",Propagate cuttings in recycled containers from your home garden.,MEDIUM,High demand among suburban subdivision homeowners and urban gardeners in CALABARZON.,active,Skilled Trades
127,Farm Produce Reselling,"Transport baskets, commercial weight scale, folding table",1 person,"sales, negotiation, quality inspection, inventory",Source wholesale vegetables directly from trading posts (e.g. Tanauan or Sariaya) and distribute to neighborhood subdivisions.,"Perishable produce wilting, transport delays.",5000.0,"₱3,000 - ₱30,000",Mobile / Market,Beginner,Retail,30000.0,3000.0,"Market crates, hanging produce scale, cart or folding table","Delivery motorbike, shade umbrella","Buy 2 crates of in-demand vegetables (onions, tomatoes, garlic) for weekend subdivision rounds.",HIGH,Direct farm-to-neighborhood distribution leveraging CALABARZON's agricultural trading hubs.,active,Retail
