ID,Path,Who_It_Suits,How_To_Start,Daily_Management,Key_Skills_Needed,Benefits,Risks_To_Handle
1,Job + Micro Degree,Working graduates,Pick role related micro degree,2 hours study after work,Consistency planning,Fast upskilling with income,Burnout risk
2,Mentorship First Path,Career switchers,Find mentor define roadmap,Weekly reviews task tracking,Feedback adoption,Reduced trial and error,Wrong mentor fit
3,Portfolio First Path,Creative and tech learners,Build 3 real projects,Ship one update daily,Execution storytelling,Proof based hiring,Slow initial traction
4,Rural Job + Remote Skills,Tier_2 and tier_3 youth,Take local job learn remote tools,Work daytime learn night,Time discipline,dDual income path,Connectivity issues
5,Family Business + Digital Upgrade,Family business members,Digitize billing inventory and marketing,Track sales and campaigns,Business analysis,Profitability improvement,Resistance to change
6,Exam Prep + Part Time,Government aspirants,Choose exam and part time role,Fixed schedule with mock tests,Stress management,Financial support while preparing,Less study hours
7,Freelance Sprint Model,Freelancers,Pick niche and 30 day client sprint,Daily outreach and delivery,Communication negotiation,Quick market validation,Irregular cashflow
8,Internship Ladder Path,Final year students,Start with unpaid then paid internships,Learn tasks and build references,Professional behavior,Early industry entry,Exploitation risk
9,Creator + Consulting Mix,Domain experts,Publish content then sell consulting,Create weekly content and calls,Personal branding,Scalable lead generation,Audience volatility
10,Returnship Path,Career break returners,Join returnship programs,Structured relearning and projects,Adaptability confidence,Safer re-entry to workforce,Lower initial pay
